Device: cuda
Config: {'iterations': 200, 'games_per_iter': 25, 'mcts_sims': 150, 'epochs': 3, 'batch_size': 64, 'lr': 0.01, 'momentum': 0.9, 'lr_milestones': [115, 170], 'weight_decay': 0.0001, 'num_res_blocks': 3, 'num_channels': 32, 'c_puct': 1.0, 'results_dir': 'results/sgd_gate_run', 'buffer_size': 50000, 'draw_keep_ratio': 0.5, 'value_weight': 0.25, 'gate_games': 20, 'gate_threshold': 0.55, 'resume': None}
Model params: 83,834

============================================================
Iteration 0/199
============================================================
Self-play phase:
  Self-play game 1/25 - 11 moves
  Self-play game 2/25 - 18 moves
  Self-play game 3/25 - 24 moves
  Self-play game 4/25 - 28 moves
  Self-play game 5/25 - 10 moves
  Self-play game 6/25 - 28 moves
  Self-play game 7/25 - 105 moves
  Self-play game 8/25 - 56 moves
  Self-play game 9/25 - 34 moves
  Self-play game 10/25 - 9 moves
  Self-play game 11/25 - 26 moves
  Self-play game 12/25 - 14 moves
  Self-play game 13/25 - 20 moves
  Self-play game 14/25 - 34 moves
  Self-play game 15/25 - 39 moves
  Self-play game 16/25 - 8 moves
  Self-play game 17/25 - 128 moves
  Self-play game 18/25 - 139 moves
  Self-play game 19/25 - 91 moves
  Self-play game 20/25 - 113 moves
  Self-play game 21/25 - 14 moves
  Self-play game 22/25 - 25 moves
  Self-play game 23/25 - 16 moves
  Self-play game 24/25 - 107 moves
  Self-play game 25/25 - 34 moves
  Collected 1131 samples (avg game length: 45.2)
  Illegal-argmax rate: 99.91%, mean illegal mass: 0.9793
  Self-play time: 142.6s
  Skipped 1 drawn games, keeping 1040/1131 samples
  Replay buffer: 1040/50000 samples
Training phase:
    Epoch 1/3 - loss: 5.9579 (policy: 5.8357, value: 0.4888)
    Epoch 2/3 - loss: 5.4754 (policy: 5.3645, value: 0.4437)
    Epoch 3/3 - loss: 4.7962 (policy: 4.7023, value: 0.3755)
  Training time: 1.1s
Gating phase:
  Challenger: 14W-0L-6D (win rate 85.00%, threshold 55%)
  -> Challenger PROMOTED to best_model
  Gating time: 233.7s
Saved checkpoint: results/sgd_gate_run/model_iter_0.pt
  Iteration total: 377.6s

============================================================
Iteration 1/199
============================================================
Self-play phase:
  Self-play game 1/25 - 101 moves
  Self-play game 2/25 - 29 moves
  Self-play game 3/25 - 26 moves
  Self-play game 4/25 - 31 moves
  Self-play game 5/25 - 63 moves
  Self-play game 6/25 - 8 moves
  Self-play game 7/25 - 15 moves
  Self-play game 8/25 - 23 moves
  Self-play game 9/25 - 24 moves
  Self-play game 10/25 - 21 moves
  Self-play game 11/25 - 71 moves
  Self-play game 12/25 - 63 moves
  Self-play game 13/25 - 39 moves
  Self-play game 14/25 - 26 moves
  Self-play game 15/25 - 38 moves
  Self-play game 16/25 - 102 moves
  Self-play game 17/25 - 32 moves
  Self-play game 18/25 - 57 moves
  Self-play game 19/25 - 17 moves
  Self-play game 20/25 - 28 moves
  Self-play game 21/25 - 44 moves
  Self-play game 22/25 - 38 moves
  Self-play game 23/25 - 75 moves
  Self-play game 24/25 - 9 moves
  Self-play game 25/25 - 53 moves
  Collected 1033 samples (avg game length: 41.3)
  Illegal-argmax rate: 88.96%, mean illegal mass: 0.9531
  Self-play time: 135.8s
  Skipped 3 drawn games, keeping 875/1033 samples
  Replay buffer: 1915/50000 samples
Training phase:
    Epoch 1/3 - loss: 4.6020 (policy: 4.4782, value: 0.4950)
    Epoch 2/3 - loss: 4.0004 (policy: 3.8855, value: 0.4597)
    Epoch 3/3 - loss: 3.4204 (policy: 3.3216, value: 0.3954)
  Training time: 0.7s
Gating phase:
  Challenger: 1W-10L-9D (win rate 27.50%, threshold 55%)
  -> Champion retained
  Gating time: 377.1s
Saved checkpoint: results/sgd_gate_run/model_iter_1.pt
  Iteration total: 513.7s

============================================================
Iteration 2/199
============================================================
Self-play phase:
  Self-play game 1/25 - 102 moves
  Self-play game 2/25 - 22 moves
  Self-play game 3/25 - 32 moves
  Self-play game 4/25 - 35 moves
  Self-play game 5/25 - 36 moves
  Self-play game 6/25 - 61 moves
  Self-play game 7/25 - 8 moves
  Self-play game 8/25 - 17 moves
  Self-play game 9/25 - 27 moves
  Self-play game 10/25 - 24 moves
  Self-play game 11/25 - 47 moves
  Self-play game 12/25 - 23 moves
  Self-play game 13/25 - 22 moves
  Self-play game 14/25 - 13 moves
  Self-play game 15/25 - 11 moves
  Self-play game 16/25 - 42 moves
  Self-play game 17/25 - 11 moves
  Self-play game 18/25 - 72 moves
  Self-play game 19/25 - 12 moves
  Self-play game 20/25 - 89 moves
  Self-play game 21/25 - 31 moves
  Self-play game 22/25 - 15 moves
  Self-play game 23/25 - 47 moves
  Self-play game 24/25 - 12 moves
  Self-play game 25/25 - 28 moves
  Collected 839 samples (avg game length: 33.6)
  Illegal-argmax rate: 87.96%, mean illegal mass: 0.9468
  Self-play time: 115.3s
  Skipped 3 drawn games, keeping 637/839 samples
  Replay buffer: 2552/50000 samples
Training phase:
    Epoch 1/3 - loss: 3.3717 (policy: 3.2458, value: 0.5035)
    Epoch 2/3 - loss: 3.0586 (policy: 2.9384, value: 0.4809)
    Epoch 3/3 - loss: 2.7280 (policy: 2.6107, value: 0.4692)
  Training time: 0.9s
Gating phase:
  Challenger: 12W-2L-6D (win rate 75.00%, threshold 55%)
  -> Challenger PROMOTED to best_model
  Gating time: 354.6s
Saved checkpoint: results/sgd_gate_run/model_iter_2.pt
  Iteration total: 471.1s

============================================================
Iteration 3/199
============================================================
Self-play phase:
  Self-play game 1/25 - 14 moves
  Self-play game 2/25 - 12 moves
  Self-play game 3/25 - 18 moves
  Self-play game 4/25 - 61 moves
  Self-play game 5/25 - 43 moves
  Self-play game 6/25 - 22 moves
  Self-play game 7/25 - 68 moves
  Self-play game 8/25 - 19 moves
  Self-play game 9/25 - 76 moves
  Self-play game 10/25 - 33 moves
  Self-play game 11/25 - 21 moves
  Self-play game 12/25 - 77 moves
  Self-play game 13/25 - 45 moves
  Self-play game 14/25 - 13 moves
  Self-play game 15/25 - 44 moves
  Self-play game 16/25 - 21 moves
  Self-play game 17/25 - 62 moves
  Self-play game 18/25 - 50 moves
  Self-play game 19/25 - 11 moves
  Self-play game 20/25 - 14 moves
  Self-play game 21/25 - 103 moves
  Self-play game 22/25 - 26 moves
  Self-play game 23/25 - 18 moves
  Self-play game 24/25 - 62 moves
  Self-play game 25/25 - 40 moves
  Collected 973 samples (avg game length: 38.9)
  Illegal-argmax rate: 72.46%, mean illegal mass: 0.7978
  Self-play time: 139.3s
  Skipped 3 drawn games, keeping 785/973 samples
  Replay buffer: 3337/50000 samples
Training phase:
    Epoch 1/3 - loss: 2.9078 (policy: 2.7840, value: 0.4952)
    Epoch 2/3 - loss: 2.6727 (policy: 2.5550, value: 0.4708)
    Epoch 3/3 - loss: 2.3057 (policy: 2.1898, value: 0.4635)
  Training time: 1.1s
Gating phase:
  Challenger: 4W-4L-12D (win rate 50.00%, threshold 55%)
  -> Champion retained
  Gating time: 396.6s
Saved checkpoint: results/sgd_gate_run/model_iter_3.pt
  Iteration total: 537.5s

============================================================
Iteration 4/199
============================================================
Self-play phase:
  Self-play game 1/25 - 22 moves
  Self-play game 2/25 - 22 moves
  Self-play game 3/25 - 35 moves
  Self-play game 4/25 - 14 moves
  Self-play game 5/25 - 10 moves
  Self-play game 6/25 - 14 moves
  Self-play game 7/25 - 39 moves
  Self-play game 8/25 - 68 moves
  Self-play game 9/25 - 18 moves
  Self-play game 10/25 - 33 moves
  Self-play game 11/25 - 12 moves
  Self-play game 12/25 - 77 moves
  Self-play game 13/25 - 18 moves
  Self-play game 14/25 - 77 moves
  Self-play game 15/25 - 17 moves
  Self-play game 16/25 - 36 moves
  Self-play game 17/25 - 27 moves
  Self-play game 18/25 - 36 moves
  Self-play game 19/25 - 34 moves
  Self-play game 20/25 - 16 moves
  Self-play game 21/25 - 52 moves
  Self-play game 22/25 - 52 moves
  Self-play game 23/25 - 20 moves
  Self-play game 24/25 - 37 moves
  Self-play game 25/25 - 21 moves
  Collected 807 samples (avg game length: 32.3)
  Illegal-argmax rate: 69.64%, mean illegal mass: 0.7789
  Self-play time: 118.3s
  Skipped 3 drawn games, keeping 696/807 samples
  Replay buffer: 4033/50000 samples
Training phase:
    Epoch 1/3 - loss: 2.4696 (policy: 2.3425, value: 0.5082)
    Epoch 2/3 - loss: 2.0827 (policy: 1.9711, value: 0.4462)
    Epoch 3/3 - loss: 1.7641 (policy: 1.6566, value: 0.4300)
  Training time: 1.5s
Gating phase:
  Challenger: 7W-2L-11D (win rate 62.50%, threshold 55%)
  -> Challenger PROMOTED to best_model
  Gating time: 392.0s
Saved checkpoint: results/sgd_gate_run/model_iter_4.pt
  Iteration total: 512.3s

============================================================
Iteration 5/199
============================================================
Self-play phase:
  Self-play game 1/25 - 110 moves
  Self-play game 2/25 - 43 moves
  Self-play game 3/25 - 27 moves
  Self-play game 4/25 - 36 moves
  Self-play game 5/25 - 129 moves
  Self-play game 6/25 - 73 moves
  Self-play game 7/25 - 17 moves
  Self-play game 8/25 - 13 moves
  Self-play game 9/25 - 20 moves
  Self-play game 10/25 - 66 moves
  Self-play game 11/25 - 50 moves
  Self-play game 12/25 - 22 moves
  Self-play game 13/25 - 42 moves
  Self-play game 14/25 - 61 moves
  Self-play game 15/25 - 25 moves
  Self-play game 16/25 - 35 moves
  Self-play game 17/25 - 11 moves
  Self-play game 18/25 - 6 moves
  Self-play game 19/25 - 28 moves
  Self-play game 20/25 - 16 moves
  Self-play game 21/25 - 21 moves
  Self-play game 22/25 - 24 moves
  Self-play game 23/25 - 27 moves
  Self-play game 24/25 - 15 moves
  Self-play game 25/25 - 31 moves
  Collected 948 samples (avg game length: 37.9)
  Illegal-argmax rate: 51.05%, mean illegal mass: 0.6457
  Self-play time: 137.2s
  Skipped 3 drawn games, keeping 684/948 samples
  Replay buffer: 4717/50000 samples
Training phase:
    Epoch 1/3 - loss: 2.1426 (policy: 2.0245, value: 0.4726)
    Epoch 2/3 - loss: 1.9448 (policy: 1.8346, value: 0.4410)
    Epoch 3/3 - loss: 1.8032 (policy: 1.6996, value: 0.4144)
  Training time: 1.8s
Gating phase:
  Challenger: 2W-10L-8D (win rate 30.00%, threshold 55%)
  -> Champion retained
  Gating time: 435.2s
Saved checkpoint: results/sgd_gate_run/model_iter_5.pt
  Iteration total: 574.8s

============================================================
Iteration 6/199
============================================================
Self-play phase:
  Self-play game 1/25 - 40 moves
  Self-play game 2/25 - 28 moves
  Self-play game 3/25 - 79 moves
  Self-play game 4/25 - 101 moves
  Self-play game 5/25 - 12 moves
  Self-play game 6/25 - 12 moves
  Self-play game 7/25 - 17 moves
  Self-play game 8/25 - 119 moves
  Self-play game 9/25 - 6 moves
  Self-play game 10/25 - 6 moves
  Self-play game 11/25 - 26 moves
  Self-play game 12/25 - 42 moves
  Self-play game 13/25 - 27 moves
  Self-play game 14/25 - 83 moves
  Self-play game 15/25 - 53 moves
  Self-play game 16/25 - 59 moves
  Self-play game 17/25 - 12 moves
  Self-play game 18/25 - 43 moves
  Self-play game 19/25 - 19 moves
  Self-play game 20/25 - 69 moves
  Self-play game 21/25 - 35 moves
  Self-play game 22/25 - 7 moves
  Self-play game 23/25 - 18 moves
  Self-play game 24/25 - 19 moves
  Self-play game 25/25 - 48 moves
  Collected 980 samples (avg game length: 39.2)
  Illegal-argmax rate: 51.53%, mean illegal mass: 0.6558
  Self-play time: 142.9s
  Skipped 4 drawn games, keeping 681/980 samples
  Replay buffer: 5398/50000 samples
Training phase:
    Epoch 1/3 - loss: 1.9269 (policy: 1.8186, value: 0.4332)
    Epoch 2/3 - loss: 1.7675 (policy: 1.6590, value: 0.4340)
    Epoch 3/3 - loss: 1.6036 (policy: 1.5024, value: 0.4048)
  Training time: 2.0s
Gating phase:
  Challenger: 3W-6L-11D (win rate 42.50%, threshold 55%)
  -> Champion retained
  Gating time: 368.2s
Saved checkpoint: results/sgd_gate_run/model_iter_6.pt
  Iteration total: 513.7s

============================================================
Iteration 7/199
============================================================
Self-play phase:
  Self-play game 1/25 - 29 moves
  Self-play game 2/25 - 35 moves
  Self-play game 3/25 - 24 moves
  Self-play game 4/25 - 16 moves
  Self-play game 5/25 - 106 moves
  Self-play game 6/25 - 84 moves
  Self-play game 7/25 - 14 moves
  Self-play game 8/25 - 9 moves
  Self-play game 9/25 - 65 moves
  Self-play game 10/25 - 77 moves
  Self-play game 11/25 - 24 moves
  Self-play game 12/25 - 36 moves
  Self-play game 13/25 - 31 moves
  Self-play game 14/25 - 11 moves
  Self-play game 15/25 - 10 moves
  Self-play game 16/25 - 51 moves
  Self-play game 17/25 - 11 moves
  Self-play game 18/25 - 32 moves
  Self-play game 19/25 - 8 moves
  Self-play game 20/25 - 65 moves
  Self-play game 21/25 - 21 moves
  Self-play game 22/25 - 7 moves
  Self-play game 23/25 - 9 moves
  Self-play game 24/25 - 28 moves
  Self-play game 25/25 - 20 moves
  Collected 823 samples (avg game length: 32.9)
  Illegal-argmax rate: 53.34%, mean illegal mass: 0.6641
  Self-play time: 120.9s
  Skipped 2 drawn games, keeping 722/823 samples
  Replay buffer: 6120/50000 samples
Training phase:
    Epoch 1/3 - loss: 1.7133 (policy: 1.6087, value: 0.4185)
    Epoch 2/3 - loss: 1.5512 (policy: 1.4472, value: 0.4159)
    Epoch 3/3 - loss: 1.4680 (policy: 1.3656, value: 0.4095)
  Training time: 2.3s
Gating phase:
  Challenger: 1W-6L-13D (win rate 37.50%, threshold 55%)
  -> Champion retained
  Gating time: 369.8s
Saved checkpoint: results/sgd_gate_run/model_iter_7.pt
  Iteration total: 493.9s

============================================================
Iteration 8/199
============================================================
Self-play phase:
  Self-play game 1/25 - 64 moves
  Self-play game 2/25 - 75 moves
  Self-play game 3/25 - 13 moves
  Self-play game 4/25 - 34 moves
  Self-play game 5/25 - 6 moves
  Self-play game 6/25 - 79 moves
  Self-play game 7/25 - 13 moves
  Self-play game 8/25 - 36 moves
  Self-play game 9/25 - 38 moves
  Self-play game 10/25 - 29 moves
  Self-play game 11/25 - 79 moves
  Self-play game 12/25 - 60 moves
  Self-play game 13/25 - 9 moves
  Self-play game 14/25 - 13 moves
  Self-play game 15/25 - 47 moves
  Self-play game 16/25 - 53 moves
  Self-play game 17/25 - 14 moves
  Self-play game 18/25 - 65 moves
  Self-play game 19/25 - 35 moves
  Self-play game 20/25 - 43 moves
  Self-play game 21/25 - 78 moves
  Self-play game 22/25 - 72 moves
  Self-play game 23/25 - 52 moves
  Self-play game 24/25 - 28 moves
  Self-play game 25/25 - 11 moves
  Collected 1046 samples (avg game length: 41.8)
  Illegal-argmax rate: 55.16%, mean illegal mass: 0.6727
  Self-play time: 143.3s
  Skipped 4 drawn games, keeping 804/1046 samples
  Replay buffer: 6924/50000 samples
Training phase:
    Epoch 1/3 - loss: 1.6138 (policy: 1.5026, value: 0.4449)
    Epoch 2/3 - loss: 1.5837 (policy: 1.4777, value: 0.4242)
    Epoch 3/3 - loss: 1.4754 (policy: 1.3710, value: 0.4173)
  Training time: 2.6s
Gating phase:
  Challenger: 6W-1L-13D (win rate 62.50%, threshold 55%)
  -> Challenger PROMOTED to best_model
  Gating time: 354.2s
Saved checkpoint: results/sgd_gate_run/model_iter_8.pt
  Iteration total: 500.8s

============================================================
Iteration 9/199
============================================================
Self-play phase:
  Self-play game 1/25 - 56 moves
  Self-play game 2/25 - 66 moves
  Self-play game 3/25 - 24 moves
  Self-play game 4/25 - 46 moves
  Self-play game 5/25 - 13 moves
  Self-play game 6/25 - 12 moves
  Self-play game 7/25 - 10 moves
  Self-play game 8/25 - 76 moves
  Self-play game 9/25 - 10 moves
  Self-play game 10/25 - 79 moves
  Self-play game 11/25 - 9 moves
  Self-play game 12/25 - 27 moves
  Self-play game 13/25 - 29 moves
  Self-play game 14/25 - 21 moves
  Self-play game 15/25 - 11 moves
  Self-play game 16/25 - 111 moves
  Self-play game 17/25 - 54 moves
  Self-play game 18/25 - 32 moves
  Self-play game 19/25 - 33 moves
  Self-play game 20/25 - 23 moves
  Self-play game 21/25 - 28 moves
  Self-play game 22/25 - 23 moves
  Self-play game 23/25 - 11 moves
  Self-play game 24/25 - 18 moves
  Self-play game 25/25 - 85 moves
  Collected 907 samples (avg game length: 36.3)
  Illegal-argmax rate: 34.62%, mean illegal mass: 0.4710
  Self-play time: 138.8s
  Skipped 4 drawn games, keeping 634/907 samples
  Replay buffer: 7558/50000 samples
Training phase:
    Epoch 1/3 - loss: 1.4856 (policy: 1.3837, value: 0.4078)
    Epoch 2/3 - loss: 1.3960 (policy: 1.2945, value: 0.4061)
    Epoch 3/3 - loss: 1.4887 (policy: 1.3884, value: 0.4013)
  Training time: 2.8s
Gating phase:
  Challenger: 3W-3L-14D (win rate 50.00%, threshold 55%)
  -> Champion retained
  Gating time: 447.3s
Saved checkpoint: results/sgd_gate_run/model_iter_9.pt
  Iteration total: 590.0s

============================================================
Iteration 10/199
============================================================
Self-play phase:
  Self-play game 1/25 - 75 moves
  Self-play game 2/25 - 92 moves
  Self-play game 3/25 - 21 moves
  Self-play game 4/25 - 80 moves
  Self-play game 5/25 - 56 moves
  Self-play game 6/25 - 32 moves
  Self-play game 7/25 - 42 moves
  Self-play game 8/25 - 61 moves
  Self-play game 9/25 - 47 moves
  Self-play game 10/25 - 45 moves
  Self-play game 11/25 - 58 moves
  Self-play game 12/25 - 107 moves
  Self-play game 13/25 - 99 moves
  Self-play game 14/25 - 72 moves
  Self-play game 15/25 - 66 moves
  Self-play game 16/25 - 60 moves
  Self-play game 17/25 - 71 moves
  Self-play game 18/25 - 63 moves
  Self-play game 19/25 - 13 moves
  Self-play game 20/25 - 14 moves
  Self-play game 21/25 - 50 moves
  Self-play game 22/25 - 67 moves
  Self-play game 23/25 - 22 moves
  Self-play game 24/25 - 64 moves
  Self-play game 25/25 - 31 moves
  Collected 1408 samples (avg game length: 56.3)
  Illegal-argmax rate: 42.68%, mean illegal mass: 0.5498
  Self-play time: 195.7s
  Skipped 5 drawn games, keeping 1079/1408 samples
  Replay buffer: 8637/50000 samples
Training phase:
    Epoch 1/3 - loss: 1.5284 (policy: 1.4246, value: 0.4151)
    Epoch 2/3 - loss: 1.5017 (policy: 1.4004, value: 0.4051)
    Epoch 3/3 - loss: 1.3454 (policy: 1.2486, value: 0.3873)
  Training time: 2.8s
Gating phase:
  Challenger: 9W-1L-10D (win rate 70.00%, threshold 55%)
  -> Challenger PROMOTED to best_model
  Gating time: 441.3s
Saved checkpoint: results/sgd_gate_run/model_iter_10.pt
  Iteration total: 641.0s

============================================================
Iteration 11/199
============================================================
Self-play phase:
  Self-play game 1/25 - 14 moves
  Self-play game 2/25 - 10 moves
  Self-play game 3/25 - 70 moves
  Self-play game 4/25 - 93 moves
  Self-play game 5/25 - 28 moves
  Self-play game 6/25 - 71 moves
  Self-play game 7/25 - 74 moves
  Self-play game 8/25 - 60 moves
  Self-play game 9/25 - 44 moves
  Self-play game 10/25 - 27 moves
  Self-play game 11/25 - 36 moves
  Self-play game 12/25 - 22 moves
  Self-play game 13/25 - 7 moves
  Self-play game 14/25 - 26 moves
  Self-play game 15/25 - 13 moves
  Self-play game 16/25 - 60 moves
  Self-play game 17/25 - 30 moves
  Self-play game 18/25 - 15 moves
  Self-play game 19/25 - 38 moves
  Self-play game 20/25 - 18 moves
  Self-play game 21/25 - 84 moves
  Self-play game 22/25 - 21 moves
  Self-play game 23/25 - 95 moves
  Self-play game 24/25 - 30 moves
  Self-play game 25/25 - 47 moves
  Collected 1033 samples (avg game length: 41.3)
  Illegal-argmax rate: 36.40%, mean illegal mass: 0.4669
  Self-play time: 152.4s
  Skipped 6 drawn games, keeping 668/1033 samples
  Replay buffer: 9305/50000 samples
Training phase:
    Epoch 1/3 - loss: 1.3708 (policy: 1.2730, value: 0.3910)
    Epoch 2/3 - loss: 1.2693 (policy: 1.1759, value: 0.3733)
    Epoch 3/3 - loss: 1.2362 (policy: 1.1430, value: 0.3726)
  Training time: 3.6s
Gating phase:
  Challenger: 0W-5L-15D (win rate 37.50%, threshold 55%)
  -> Champion retained
  Gating time: 392.9s
Saved checkpoint: results/sgd_gate_run/model_iter_11.pt
  Iteration total: 550.0s

============================================================
Iteration 12/199
============================================================
Self-play phase:
  Self-play game 1/25 - 27 moves
  Self-play game 2/25 - 67 moves
  Self-play game 3/25 - 7 moves
  Self-play game 4/25 - 58 moves
  Self-play game 5/25 - 76 moves
  Self-play game 6/25 - 37 moves
  Self-play game 7/25 - 20 moves
  Self-play game 8/25 - 56 moves
  Self-play game 9/25 - 13 moves
  Self-play game 10/25 - 32 moves
  Self-play game 11/25 - 17 moves
  Self-play game 12/25 - 18 moves
  Self-play game 13/25 - 84 moves
  Self-play game 14/25 - 84 moves
  Self-play game 15/25 - 41 moves
  Self-play game 16/25 - 14 moves
  Self-play game 17/25 - 45 moves
  Self-play game 18/25 - 26 moves
  Self-play game 19/25 - 26 moves
  Self-play game 20/25 - 55 moves
  Self-play game 21/25 - 12 moves
  Self-play game 22/25 - 26 moves
  Self-play game 23/25 - 61 moves
  Self-play game 24/25 - 50 moves
  Self-play game 25/25 - 26 moves
  Collected 978 samples (avg game length: 39.1)
  Illegal-argmax rate: 34.76%, mean illegal mass: 0.4689
  Self-play time: 145.1s
  Skipped 1 drawn games, keeping 941/978 samples
  Replay buffer: 10246/50000 samples
Training phase:
    Epoch 1/3 - loss: 1.3124 (policy: 1.2169, value: 0.3821)
    Epoch 2/3 - loss: 1.2740 (policy: 1.1768, value: 0.3887)
    Epoch 3/3 - loss: 1.2091 (policy: 1.1144, value: 0.3787)
  Training time: 4.0s
Gating phase:
  Challenger: 1W-4L-15D (win rate 42.50%, threshold 55%)
  -> Champion retained
  Gating time: 397.1s
Saved checkpoint: results/sgd_gate_run/model_iter_12.pt
  Iteration total: 547.5s

============================================================
Iteration 13/199
============================================================
Self-play phase:
  Self-play game 1/25 - 86 moves
  Self-play game 2/25 - 19 moves
  Self-play game 3/25 - 14 moves
  Self-play game 4/25 - 16 moves
  Self-play game 5/25 - 58 moves
  Self-play game 6/25 - 49 moves
  Self-play game 7/25 - 50 moves
  Self-play game 8/25 - 62 moves
  Self-play game 9/25 - 61 moves
  Self-play game 10/25 - 77 moves
  Self-play game 11/25 - 60 moves
  Self-play game 12/25 - 101 moves
  Self-play game 13/25 - 72 moves
  Self-play game 14/25 - 43 moves
  Self-play game 15/25 - 72 moves
  Self-play game 16/25 - 17 moves
  Self-play game 17/25 - 56 moves
  Self-play game 18/25 - 13 moves
  Self-play game 19/25 - 61 moves
  Self-play game 20/25 - 66 moves
  Self-play game 21/25 - 25 moves
  Self-play game 22/25 - 53 moves
  Self-play game 23/25 - 48 moves
  Self-play game 24/25 - 7 moves
  Self-play game 25/25 - 93 moves
  Collected 1279 samples (avg game length: 51.2)
  Illegal-argmax rate: 37.69%, mean illegal mass: 0.4809
  Self-play time: 177.3s
  Skipped 7 drawn games, keeping 863/1279 samples
  Replay buffer: 11109/50000 samples
Training phase:
    Epoch 1/3 - loss: 1.3677 (policy: 1.2720, value: 0.3828)
    Epoch 2/3 - loss: 1.2365 (policy: 1.1458, value: 0.3629)
    Epoch 3/3 - loss: 1.1656 (policy: 1.0769, value: 0.3547)
  Training time: 3.0s
Gating phase:
  Challenger: 2W-9L-9D (win rate 32.50%, threshold 55%)
  -> Champion retained
  Gating time: 311.7s
Saved checkpoint: results/sgd_gate_run/model_iter_13.pt
  Iteration total: 493.3s

============================================================
Iteration 14/199
============================================================
Self-play phase:
  Self-play game 1/25 - 24 moves
  Self-play game 2/25 - 10 moves
  Self-play game 3/25 - 66 moves
  Self-play game 4/25 - 44 moves
  Self-play game 5/25 - 35 moves
  Self-play game 6/25 - 74 moves
  Self-play game 7/25 - 62 moves
  Self-play game 8/25 - 22 moves
  Self-play game 9/25 - 14 moves
  Self-play game 10/25 - 10 moves
  Self-play game 11/25 - 18 moves
  Self-play game 12/25 - 50 moves
  Self-play game 13/25 - 15 moves
  Self-play game 14/25 - 79 moves
  Self-play game 15/25 - 18 moves
  Self-play game 16/25 - 27 moves
  Self-play game 17/25 - 7 moves
  Self-play game 18/25 - 10 moves
  Self-play game 19/25 - 49 moves
  Self-play game 20/25 - 16 moves
  Self-play game 21/25 - 23 moves
  Self-play game 22/25 - 17 moves
  Self-play game 23/25 - 64 moves
  Self-play game 24/25 - 113 moves
  Self-play game 25/25 - 35 moves
  Collected 902 samples (avg game length: 36.1)
  Illegal-argmax rate: 33.92%, mean illegal mass: 0.4475
  Self-play time: 135.6s
  Skipped 4 drawn games, keeping 674/902 samples
  Replay buffer: 11783/50000 samples
Training phase:
    Epoch 1/3 - loss: 1.2198 (policy: 1.1258, value: 0.3757)
    Epoch 2/3 - loss: 1.1375 (policy: 1.0446, value: 0.3715)
    Epoch 3/3 - loss: 1.0554 (policy: 0.9650, value: 0.3615)
  Training time: 3.5s
Gating phase:
  Challenger: 7W-3L-10D (win rate 60.00%, threshold 55%)
  -> Challenger PROMOTED to best_model
  Gating time: 420.0s
Saved checkpoint: results/sgd_gate_run/model_iter_14.pt
  Iteration total: 560.6s

============================================================
Iteration 15/199
============================================================
Self-play phase:
  Self-play game 1/25 - 30 moves
  Self-play game 2/25 - 15 moves
  Self-play game 3/25 - 55 moves
  Self-play game 4/25 - 14 moves
  Self-play game 5/25 - 84 moves
  Self-play game 6/25 - 8 moves
  Self-play game 7/25 - 89 moves
  Self-play game 8/25 - 54 moves
  Self-play game 9/25 - 20 moves
  Self-play game 10/25 - 111 moves
  Self-play game 11/25 - 11 moves
  Self-play game 12/25 - 37 moves
  Self-play game 13/25 - 74 moves
  Self-play game 14/25 - 19 moves
  Self-play game 15/25 - 69 moves
  Self-play game 16/25 - 15 moves
  Self-play game 17/25 - 23 moves
  Self-play game 18/25 - 55 moves
  Self-play game 19/25 - 68 moves
  Self-play game 20/25 - 39 moves
  Self-play game 21/25 - 41 moves
  Self-play game 22/25 - 58 moves
  Self-play game 23/25 - 54 moves
  Self-play game 24/25 - 18 moves
  Self-play game 25/25 - 23 moves
  Collected 1084 samples (avg game length: 43.4)
  Illegal-argmax rate: 30.17%, mean illegal mass: 0.4046
  Self-play time: 165.7s
  Skipped 5 drawn games, keeping 745/1084 samples
  Replay buffer: 12528/50000 samples
Training phase:
    Epoch 1/3 - loss: 1.2096 (policy: 1.1146, value: 0.3798)
    Epoch 2/3 - loss: 1.1282 (policy: 1.0357, value: 0.3702)
    Epoch 3/3 - loss: 0.9958 (policy: 0.9065, value: 0.3572)
  Training time: 3.2s
Gating phase:
  Challenger: 2W-3L-15D (win rate 47.50%, threshold 55%)
  -> Champion retained
  Gating time: 427.0s
Saved checkpoint: results/sgd_gate_run/model_iter_15.pt
  Iteration total: 597.4s

============================================================
Iteration 16/199
============================================================
Self-play phase:
  Self-play game 1/25 - 10 moves
  Self-play game 2/25 - 67 moves
  Self-play game 3/25 - 49 moves
  Self-play game 4/25 - 21 moves
  Self-play game 5/25 - 50 moves
  Self-play game 6/25 - 54 moves
  Self-play game 7/25 - 13 moves
  Self-play game 8/25 - 50 moves
  Self-play game 9/25 - 40 moves
  Self-play game 10/25 - 58 moves
  Self-play game 11/25 - 86 moves
  Self-play game 12/25 - 13 moves
  Self-play game 13/25 - 77 moves
  Self-play game 14/25 - 46 moves
  Self-play game 15/25 - 9 moves
  Self-play game 16/25 - 41 moves
  Self-play game 17/25 - 39 moves
  Self-play game 18/25 - 13 moves
  Self-play game 19/25 - 18 moves
  Self-play game 20/25 - 44 moves
  Self-play game 21/25 - 17 moves
  Self-play game 22/25 - 16 moves
  Self-play game 23/25 - 59 moves
  Self-play game 24/25 - 43 moves
  Self-play game 25/25 - 56 moves
  Collected 989 samples (avg game length: 39.6)
  Illegal-argmax rate: 31.14%, mean illegal mass: 0.4072
  Self-play time: 144.1s
  Skipped 7 drawn games, keeping 652/989 samples
  Replay buffer: 13180/50000 samples
Training phase:
    Epoch 1/3 - loss: 1.1419 (policy: 1.0539, value: 0.3517)
    Epoch 2/3 - loss: 1.0998 (policy: 1.0100, value: 0.3592)
    Epoch 3/3 - loss: 0.9993 (policy: 0.9126, value: 0.3469)
  Training time: 3.4s
Gating phase:
  Challenger: 10W-1L-9D (win rate 72.50%, threshold 55%)
  -> Challenger PROMOTED to best_model
  Gating time: 158.1s
Saved checkpoint: results/sgd_gate_run/model_iter_16.pt
  Iteration total: 307.3s

============================================================
Iteration 17/199
============================================================
Self-play phase:
  Self-play game 1/25 - 23 moves
  Self-play game 2/25 - 9 moves
  Self-play game 3/25 - 38 moves
  Self-play game 4/25 - 23 moves
  Self-play game 5/25 - 58 moves
  Self-play game 6/25 - 28 moves
  Self-play game 7/25 - 14 moves
  Self-play game 8/25 - 122 moves
  Self-play game 9/25 - 14 moves
  Self-play game 10/25 - 21 moves
  Self-play game 11/25 - 26 moves
  Self-play game 12/25 - 32 moves
  Self-play game 13/25 - 41 moves
  Self-play game 14/25 - 111 moves
  Self-play game 15/25 - 13 moves
  Self-play game 16/25 - 49 moves
  Self-play game 17/25 - 37 moves
  Self-play game 18/25 - 38 moves
  Self-play game 19/25 - 22 moves
  Self-play game 20/25 - 33 moves
  Self-play game 21/25 - 48 moves
  Self-play game 22/25 - 71 moves
  Self-play game 23/25 - 21 moves
  Self-play game 24/25 - 44 moves
  Self-play game 25/25 - 14 moves
  Collected 950 samples (avg game length: 38.0)
  Illegal-argmax rate: 28.21%, mean illegal mass: 0.3765
  Self-play time: 148.5s
  Skipped 4 drawn games, keeping 786/950 samples
  Replay buffer: 13966/50000 samples
Training phase:
    Epoch 1/3 - loss: 1.1143 (policy: 1.0237, value: 0.3623)
    Epoch 2/3 - loss: 1.0889 (policy: 0.9967, value: 0.3688)
    Epoch 3/3 - loss: 1.1035 (policy: 1.0100, value: 0.3742)
  Training time: 5.1s
Gating phase:
  Challenger: 9W-2L-9D (win rate 67.50%, threshold 55%)
  -> Challenger PROMOTED to best_model
  Gating time: 305.7s
Saved checkpoint: results/sgd_gate_run/model_iter_17.pt
  Iteration total: 461.0s

============================================================
Iteration 18/199
============================================================
Self-play phase:
  Self-play game 1/25 - 39 moves
  Self-play game 2/25 - 27 moves
  Self-play game 3/25 - 39 moves
  Self-play game 4/25 - 80 moves
  Self-play game 5/25 - 20 moves
  Self-play game 6/25 - 41 moves
  Self-play game 7/25 - 50 moves
  Self-play game 8/25 - 43 moves
  Self-play game 9/25 - 46 moves
  Self-play game 10/25 - 64 moves
  Self-play game 11/25 - 23 moves
  Self-play game 12/25 - 92 moves
  Self-play game 13/25 - 20 moves
  Self-play game 14/25 - 32 moves
  Self-play game 15/25 - 46 moves
  Self-play game 16/25 - 15 moves
  Self-play game 17/25 - 28 moves
  Self-play game 18/25 - 15 moves
  Self-play game 19/25 - 40 moves
  Self-play game 20/25 - 21 moves
  Self-play game 21/25 - 61 moves
  Self-play game 22/25 - 75 moves
  Self-play game 23/25 - 65 moves
  Self-play game 24/25 - 95 moves
  Self-play game 25/25 - 58 moves
  Collected 1135 samples (avg game length: 45.4)
  Illegal-argmax rate: 30.93%, mean illegal mass: 0.4076
  Self-play time: 178.4s
  Skipped 6 drawn games, keeping 768/1135 samples
  Replay buffer: 14734/50000 samples
Training phase:
    Epoch 1/3 - loss: 1.1725 (policy: 1.0766, value: 0.3836)
    Epoch 2/3 - loss: 1.0947 (policy: 1.0000, value: 0.3787)
    Epoch 3/3 - loss: 1.0654 (policy: 0.9777, value: 0.3510)
  Training time: 5.7s
Gating phase:
  Challenger: 3W-7L-10D (win rate 40.00%, threshold 55%)
  -> Champion retained
  Gating time: 224.5s
Saved checkpoint: results/sgd_gate_run/model_iter_18.pt
  Iteration total: 410.6s

============================================================
Iteration 19/199
============================================================
Self-play phase:
  Self-play game 1/25 - 22 moves
  Self-play game 2/25 - 63 moves
  Self-play game 3/25 - 104 moves
  Self-play game 4/25 - 70 moves
  Self-play game 5/25 - 31 moves
  Self-play game 6/25 - 46 moves
  Self-play game 7/25 - 21 moves
  Self-play game 8/25 - 36 moves
  Self-play game 9/25 - 26 moves
  Self-play game 10/25 - 63 moves
  Self-play game 11/25 - 23 moves
  Self-play game 12/25 - 21 moves
  Self-play game 13/25 - 16 moves
  Self-play game 14/25 - 11 moves
  Self-play game 15/25 - 37 moves
  Self-play game 16/25 - 27 moves
  Self-play game 17/25 - 71 moves
  Self-play game 18/25 - 22 moves
  Self-play game 19/25 - 67 moves
  Self-play game 20/25 - 38 moves
  Self-play game 21/25 - 36 moves
  Self-play game 22/25 - 17 moves
  Self-play game 23/25 - 38 moves
  Self-play game 24/25 - 17 moves
  Self-play game 25/25 - 15 moves
  Collected 938 samples (avg game length: 37.5)
  Illegal-argmax rate: 29.00%, mean illegal mass: 0.4005
  Self-play time: 131.6s
  Skipped 6 drawn games, keeping 721/938 samples
  Replay buffer: 15455/50000 samples
Training phase:
    Epoch 1/3 - loss: 1.1183 (policy: 1.0266, value: 0.3666)
    Epoch 2/3 - loss: 1.0273 (policy: 0.9383, value: 0.3560)
    Epoch 3/3 - loss: 1.0024 (policy: 0.9137, value: 0.3549)
  Training time: 5.8s
Gating phase:
  Challenger: 3W-6L-11D (win rate 42.50%, threshold 55%)
  -> Champion retained
  Gating time: 377.3s
Saved checkpoint: results/sgd_gate_run/model_iter_19.pt
  Iteration total: 516.7s

============================================================
Iteration 20/199
============================================================
Self-play phase:
  Self-play game 1/25 - 27 moves
  Self-play game 2/25 - 27 moves
  Self-play game 3/25 - 6 moves
  Self-play game 4/25 - 27 moves
  Self-play game 5/25 - 28 moves
  Self-play game 6/25 - 65 moves
  Self-play game 7/25 - 18 moves
  Self-play game 8/25 - 28 moves
  Self-play game 9/25 - 66 moves
  Self-play game 10/25 - 17 moves
  Self-play game 11/25 - 26 moves
  Self-play game 12/25 - 58 moves
  Self-play game 13/25 - 45 moves
  Self-play game 14/25 - 60 moves
  Self-play game 15/25 - 11 moves
  Self-play game 16/25 - 59 moves
  Self-play game 17/25 - 31 moves
  Self-play game 18/25 - 36 moves
  Self-play game 19/25 - 24 moves
  Self-play game 20/25 - 76 moves
  Self-play game 21/25 - 41 moves
  Self-play game 22/25 - 60 moves
  Self-play game 23/25 - 13 moves
  Self-play game 24/25 - 11 moves
  Self-play game 25/25 - 28 moves
  Collected 888 samples (avg game length: 35.5)
  Illegal-argmax rate: 29.62%, mean illegal mass: 0.3970
  Self-play time: 126.9s
  Skipped 6 drawn games, keeping 629/888 samples
  Replay buffer: 16084/50000 samples
Training phase:
    Epoch 1/3 - loss: 1.0363 (policy: 0.9478, value: 0.3541)
    Epoch 2/3 - loss: 1.0192 (policy: 0.9305, value: 0.3545)
    Epoch 3/3 - loss: 0.9836 (policy: 0.8994, value: 0.3370)
  Training time: 6.2s
Gating phase:
  Challenger: 2W-6L-12D (win rate 40.00%, threshold 55%)
  -> Champion retained
  Gating time: 203.8s
Saved checkpoint: results/sgd_gate_run/model_iter_20.pt
  Iteration total: 338.8s

============================================================
Iteration 21/199
============================================================
Self-play phase:
  Self-play game 1/25 - 79 moves
  Self-play game 2/25 - 118 moves
  Self-play game 3/25 - 82 moves
  Self-play game 4/25 - 43 moves
  Self-play game 5/25 - 14 moves
  Self-play game 6/25 - 11 moves
  Self-play game 7/25 - 114 moves
  Self-play game 8/25 - 34 moves
  Self-play game 9/25 - 11 moves
  Self-play game 10/25 - 46 moves
  Self-play game 11/25 - 31 moves
  Self-play game 12/25 - 24 moves
  Self-play game 13/25 - 42 moves
  Self-play game 14/25 - 40 moves
  Self-play game 15/25 - 33 moves
  Self-play game 16/25 - 53 moves
  Self-play game 17/25 - 70 moves
  Self-play game 18/25 - 45 moves
  Self-play game 19/25 - 47 moves
  Self-play game 20/25 - 26 moves
  Self-play game 21/25 - 46 moves
  Self-play game 22/25 - 15 moves
  Self-play game 23/25 - 54 moves
  Self-play game 24/25 - 40 moves
  Self-play game 25/25 - 37 moves
  Collected 1155 samples (avg game length: 46.2)
  Illegal-argmax rate: 34.81%, mean illegal mass: 0.4419
  Self-play time: 172.3s
  Skipped 5 drawn games, keeping 908/1155 samples
  Replay buffer: 16992/50000 samples
Training phase:
    Epoch 1/3 - loss: 1.1468 (policy: 1.0565, value: 0.3615)
    Epoch 2/3 - loss: 1.0751 (policy: 0.9862, value: 0.3555)
    Epoch 3/3 - loss: 1.0344 (policy: 0.9448, value: 0.3581)
  Training time: 6.5s
Gating phase:
  Challenger: 3W-8L-9D (win rate 37.50%, threshold 55%)
  -> Champion retained
  Gating time: 312.1s
Saved checkpoint: results/sgd_gate_run/model_iter_21.pt
  Iteration total: 493.0s

============================================================
Iteration 22/199
============================================================
Self-play phase:
  Self-play game 1/25 - 52 moves
  Self-play game 2/25 - 65 moves
  Self-play game 3/25 - 39 moves
  Self-play game 4/25 - 30 moves
  Self-play game 5/25 - 30 moves
  Self-play game 6/25 - 24 moves
  Self-play game 7/25 - 66 moves
  Self-play game 8/25 - 58 moves
  Self-play game 9/25 - 32 moves
  Self-play game 10/25 - 45 moves
  Self-play game 11/25 - 27 moves
  Self-play game 12/25 - 23 moves
  Self-play game 13/25 - 17 moves
  Self-play game 14/25 - 30 moves
  Self-play game 15/25 - 49 moves
  Self-play game 16/25 - 46 moves
  Self-play game 17/25 - 16 moves
  Self-play game 18/25 - 19 moves
  Self-play game 19/25 - 31 moves
  Self-play game 20/25 - 38 moves
  Self-play game 21/25 - 13 moves
  Self-play game 22/25 - 32 moves
  Self-play game 23/25 - 51 moves
  Self-play game 24/25 - 13 moves
  Self-play game 25/25 - 71 moves
  Collected 917 samples (avg game length: 36.7)
  Illegal-argmax rate: 34.46%, mean illegal mass: 0.4360
  Self-play time: 133.6s
  Skipped 8 drawn games, keeping 528/917 samples
  Replay buffer: 17520/50000 samples
Training phase:
    Epoch 1/3 - loss: 1.0631 (policy: 0.9728, value: 0.3612)
    Epoch 2/3 - loss: 1.0174 (policy: 0.9275, value: 0.3600)
    Epoch 3/3 - loss: 0.9954 (policy: 0.9063, value: 0.3564)
  Training time: 4.8s
Gating phase:
  Challenger: 7W-3L-10D (win rate 60.00%, threshold 55%)
  -> Challenger PROMOTED to best_model
  Gating time: 334.0s
Saved checkpoint: results/sgd_gate_run/model_iter_22.pt
  Iteration total: 474.7s

============================================================
Iteration 23/199
============================================================
Self-play phase:
  Self-play game 1/25 - 11 moves
  Self-play game 2/25 - 24 moves
  Self-play game 3/25 - 74 moves
  Self-play game 4/25 - 12 moves
  Self-play game 5/25 - 11 moves
  Self-play game 6/25 - 15 moves
  Self-play game 7/25 - 21 moves
  Self-play game 8/25 - 30 moves
  Self-play game 9/25 - 11 moves
  Self-play game 10/25 - 17 moves
  Self-play game 11/25 - 26 moves
  Self-play game 12/25 - 41 moves
  Self-play game 13/25 - 30 moves
  Self-play game 14/25 - 80 moves
  Self-play game 15/25 - 65 moves
  Self-play game 16/25 - 17 moves
  Self-play game 17/25 - 35 moves
  Self-play game 18/25 - 74 moves
  Self-play game 19/25 - 15 moves
  Self-play game 20/25 - 69 moves
  Self-play game 21/25 - 99 moves
  Self-play game 22/25 - 77 moves
  Self-play game 23/25 - 8 moves
  Self-play game 24/25 - 13 moves
  Self-play game 25/25 - 10 moves
  Collected 885 samples (avg game length: 35.4)
  Illegal-argmax rate: 26.67%, mean illegal mass: 0.3338
  Self-play time: 137.0s
  Skipped 4 drawn games, keeping 648/885 samples
  Replay buffer: 18168/50000 samples
Training phase:
    Epoch 1/3 - loss: 1.0379 (policy: 0.9506, value: 0.3489)
    Epoch 2/3 - loss: 0.9949 (policy: 0.9062, value: 0.3548)
    Epoch 3/3 - loss: 0.9583 (policy: 0.8733, value: 0.3398)
  Training time: 5.4s
Gating phase:
  Challenger: 0W-3L-17D (win rate 42.50%, threshold 55%)
  -> Champion retained
  Gating time: 405.5s
Saved checkpoint: results/sgd_gate_run/model_iter_23.pt
  Iteration total: 550.2s

============================================================
Iteration 24/199
============================================================
Self-play phase:
  Self-play game 1/25 - 14 moves
  Self-play game 2/25 - 43 moves
  Self-play game 3/25 - 51 moves
  Self-play game 4/25 - 44 moves
  Self-play game 5/25 - 18 moves
  Self-play game 6/25 - 69 moves
  Self-play game 7/25 - 19 moves
  Self-play game 8/25 - 47 moves
  Self-play game 9/25 - 62 moves
  Self-play game 10/25 - 56 moves
  Self-play game 11/25 - 8 moves
  Self-play game 12/25 - 64 moves
  Self-play game 13/25 - 11 moves
  Self-play game 14/25 - 32 moves
  Self-play game 15/25 - 73 moves
  Self-play game 16/25 - 121 moves
  Self-play game 17/25 - 43 moves
  Self-play game 18/25 - 34 moves
  Self-play game 19/25 - 91 moves
  Self-play game 20/25 - 79 moves
  Self-play game 21/25 - 36 moves
  Self-play game 22/25 - 56 moves
  Self-play game 23/25 - 39 moves
  Self-play game 24/25 - 50 moves
  Self-play game 25/25 - 39 moves
  Collected 1199 samples (avg game length: 48.0)
  Illegal-argmax rate: 31.19%, mean illegal mass: 0.3818
  Self-play time: 182.3s
  Skipped 8 drawn games, keeping 668/1199 samples
  Replay buffer: 18836/50000 samples
Training phase:
    Epoch 1/3 - loss: 1.0022 (policy: 0.9150, value: 0.3488)
    Epoch 2/3 - loss: 1.0118 (policy: 0.9243, value: 0.3501)
    Epoch 3/3 - loss: 0.9847 (policy: 0.8986, value: 0.3444)
  Training time: 7.3s
Gating phase:
  Challenger: 4W-5L-11D (win rate 47.50%, threshold 55%)
  -> Champion retained
  Gating time: 373.2s
Saved checkpoint: results/sgd_gate_run/model_iter_24.pt
  Iteration total: 565.2s

============================================================
Iteration 25/199
============================================================
Self-play phase:
  Self-play game 1/25 - 89 moves
  Self-play game 2/25 - 71 moves
  Self-play game 3/25 - 31 moves
  Self-play game 4/25 - 30 moves
  Self-play game 5/25 - 27 moves
  Self-play game 6/25 - 76 moves
  Self-play game 7/25 - 54 moves
  Self-play game 8/25 - 20 moves
  Self-play game 9/25 - 40 moves
  Self-play game 10/25 - 38 moves
  Self-play game 11/25 - 31 moves
  Self-play game 12/25 - 36 moves
  Self-play game 13/25 - 39 moves
  Self-play game 14/25 - 27 moves
  Self-play game 15/25 - 23 moves
  Self-play game 16/25 - 8 moves
  Self-play game 17/25 - 57 moves
  Self-play game 18/25 - 36 moves
  Self-play game 19/25 - 22 moves
  Self-play game 20/25 - 64 moves
  Self-play game 21/25 - 78 moves
  Self-play game 22/25 - 90 moves
  Self-play game 23/25 - 83 moves
  Self-play game 24/25 - 79 moves
  Self-play game 25/25 - 53 moves
  Collected 1202 samples (avg game length: 48.1)
  Illegal-argmax rate: 31.28%, mean illegal mass: 0.3861
  Self-play time: 184.9s
  Skipped 7 drawn games, keeping 738/1202 samples
  Replay buffer: 19574/50000 samples
Training phase:
    Epoch 1/3 - loss: 1.0509 (policy: 0.9600, value: 0.3638)
    Epoch 2/3 - loss: 0.9945 (policy: 0.9042, value: 0.3611)
    Epoch 3/3 - loss: 0.9418 (policy: 0.8536, value: 0.3527)
  Training time: 7.6s
Gating phase:
  Challenger: 8W-3L-9D (win rate 62.50%, threshold 55%)
  -> Challenger PROMOTED to best_model
  Gating time: 425.3s
Saved checkpoint: results/sgd_gate_run/model_iter_25.pt
  Iteration total: 620.2s

============================================================
Iteration 26/199
============================================================
Self-play phase:
  Self-play game 1/25 - 15 moves
  Self-play game 2/25 - 24 moves
  Self-play game 3/25 - 54 moves
  Self-play game 4/25 - 88 moves
  Self-play game 5/25 - 31 moves
  Self-play game 6/25 - 100 moves
  Self-play game 7/25 - 90 moves
  Self-play game 8/25 - 169 moves
  Self-play game 9/25 - 59 moves
  Self-play game 10/25 - 29 moves
  Self-play game 11/25 - 65 moves
  Self-play game 12/25 - 21 moves
  Self-play game 13/25 - 20 moves
  Self-play game 14/25 - 58 moves
  Self-play game 15/25 - 19 moves
  Self-play game 16/25 - 82 moves
  Self-play game 17/25 - 72 moves
  Self-play game 18/25 - 39 moves
  Self-play game 19/25 - 52 moves
  Self-play game 20/25 - 89 moves
  Self-play game 21/25 - 36 moves
  Self-play game 22/25 - 34 moves
  Self-play game 23/25 - 53 moves
  Self-play game 24/25 - 33 moves
  Self-play game 25/25 - 32 moves
  Collected 1364 samples (avg game length: 54.6)
  Illegal-argmax rate: 28.01%, mean illegal mass: 0.3462
  Self-play time: 202.8s
  Skipped 5 drawn games, keeping 1093/1364 samples
  Replay buffer: 20667/50000 samples
Training phase:
    Epoch 1/3 - loss: 1.0989 (policy: 1.0081, value: 0.3631)
    Epoch 2/3 - loss: 1.0058 (policy: 0.9139, value: 0.3674)
    Epoch 3/3 - loss: 0.9659 (policy: 0.8769, value: 0.3560)
  Training time: 8.0s
Gating phase:
  Challenger: 7W-2L-11D (win rate 62.50%, threshold 55%)
  -> Challenger PROMOTED to best_model
  Gating time: 357.5s
Saved checkpoint: results/sgd_gate_run/model_iter_26.pt
  Iteration total: 570.8s

============================================================
Iteration 27/199
============================================================
Self-play phase:
  Self-play game 1/25 - 65 moves
  Self-play game 2/25 - 8 moves
  Self-play game 3/25 - 45 moves
  Self-play game 4/25 - 42 moves
  Self-play game 5/25 - 47 moves
  Self-play game 6/25 - 12 moves
  Self-play game 7/25 - 15 moves
  Self-play game 8/25 - 37 moves
  Self-play game 9/25 - 36 moves
  Self-play game 10/25 - 94 moves
  Self-play game 11/25 - 29 moves
  Self-play game 12/25 - 22 moves
  Self-play game 13/25 - 39 moves
  Self-play game 14/25 - 50 moves
  Self-play game 15/25 - 27 moves
  Self-play game 16/25 - 17 moves
  Self-play game 17/25 - 63 moves
  Self-play game 18/25 - 28 moves
  Self-play game 19/25 - 26 moves
  Self-play game 20/25 - 42 moves
  Self-play game 21/25 - 18 moves
  Self-play game 22/25 - 56 moves
  Self-play game 23/25 - 59 moves
  Self-play game 24/25 - 44 moves
  Self-play game 25/25 - 19 moves
  Collected 940 samples (avg game length: 37.6)
  Illegal-argmax rate: 27.13%, mean illegal mass: 0.3601
  Self-play time: 137.3s
  Skipped 4 drawn games, keeping 707/940 samples
  Replay buffer: 21374/50000 samples
Training phase:
    Epoch 1/3 - loss: 1.0537 (policy: 0.9588, value: 0.3794)
    Epoch 2/3 - loss: 0.9827 (policy: 0.8910, value: 0.3666)
    Epoch 3/3 - loss: 0.9557 (policy: 0.8644, value: 0.3654)
  Training time: 8.1s
Gating phase:
  Challenger: 4W-1L-15D (win rate 57.50%, threshold 55%)
  -> Challenger PROMOTED to best_model
  Gating time: 351.3s
Saved checkpoint: results/sgd_gate_run/model_iter_27.pt
  Iteration total: 499.6s

============================================================
Iteration 28/199
============================================================
Self-play phase:
  Self-play game 1/25 - 81 moves
  Self-play game 2/25 - 36 moves
  Self-play game 3/25 - 59 moves
  Self-play game 4/25 - 41 moves
  Self-play game 5/25 - 69 moves
  Self-play game 6/25 - 19 moves
  Self-play game 7/25 - 22 moves
  Self-play game 8/25 - 100 moves
  Self-play game 9/25 - 85 moves
  Self-play game 10/25 - 27 moves
  Self-play game 11/25 - 15 moves
  Self-play game 12/25 - 17 moves
  Self-play game 13/25 - 71 moves
  Self-play game 14/25 - 48 moves
  Self-play game 15/25 - 54 moves
  Self-play game 16/25 - 30 moves
  Self-play game 17/25 - 10 moves
  Self-play game 18/25 - 13 moves
  Self-play game 19/25 - 12 moves
  Self-play game 20/25 - 15 moves
  Self-play game 21/25 - 30 moves
  Self-play game 22/25 - 60 moves
  Self-play game 23/25 - 14 moves
  Self-play game 24/25 - 56 moves
  Self-play game 25/25 - 57 moves
  Collected 1041 samples (avg game length: 41.6)
  Illegal-argmax rate: 26.32%, mean illegal mass: 0.3374
  Self-play time: 157.6s
  Skipped 4 drawn games, keeping 811/1041 samples
  Replay buffer: 22185/50000 samples
Training phase:
    Epoch 1/3 - loss: 1.0477 (policy: 0.9548, value: 0.3716)
    Epoch 2/3 - loss: 0.9820 (policy: 0.8897, value: 0.3689)
    Epoch 3/3 - loss: 0.9509 (policy: 0.8596, value: 0.3651)
  Training time: 8.3s
Gating phase:
  Challenger: 6W-1L-13D (win rate 62.50%, threshold 55%)
  -> Challenger PROMOTED to best_model
  Gating time: 304.2s
Saved checkpoint: results/sgd_gate_run/model_iter_28.pt
  Iteration total: 472.9s

============================================================
Iteration 29/199
============================================================
Self-play phase:
  Self-play game 1/25 - 32 moves
  Self-play game 2/25 - 13 moves
  Self-play game 3/25 - 83 moves
  Self-play game 4/25 - 46 moves
  Self-play game 5/25 - 78 moves
  Self-play game 6/25 - 59 moves
  Self-play game 7/25 - 64 moves
  Self-play game 8/25 - 7 moves
  Self-play game 9/25 - 78 moves
  Self-play game 10/25 - 55 moves
  Self-play game 11/25 - 41 moves
  Self-play game 12/25 - 37 moves
  Self-play game 13/25 - 17 moves
  Self-play game 14/25 - 19 moves
  Self-play game 15/25 - 47 moves
  Self-play game 16/25 - 60 moves
  Self-play game 17/25 - 16 moves
  Self-play game 18/25 - 80 moves
  Self-play game 19/25 - 21 moves
  Self-play game 20/25 - 11 moves
  Self-play game 21/25 - 56 moves
  Self-play game 22/25 - 19 moves
  Self-play game 23/25 - 51 moves
  Self-play game 24/25 - 7 moves
  Self-play game 25/25 - 68 moves
  Collected 1065 samples (avg game length: 42.6)
  Illegal-argmax rate: 27.42%, mean illegal mass: 0.3416
  Self-play time: 154.8s
  Skipped 6 drawn games, keeping 664/1065 samples
  Replay buffer: 22849/50000 samples
Training phase:
    Epoch 1/3 - loss: 1.0000 (policy: 0.9083, value: 0.3671)
    Epoch 2/3 - loss: 0.9740 (policy: 0.8806, value: 0.3739)
    Epoch 3/3 - loss: 0.9567 (policy: 0.8651, value: 0.3662)
  Training time: 8.6s
Gating phase:
  Challenger: 4W-3L-13D (win rate 52.50%, threshold 55%)
  -> Champion retained
  Gating time: 378.4s
Saved checkpoint: results/sgd_gate_run/model_iter_29.pt
  Iteration total: 544.8s

============================================================
Iteration 30/199
============================================================
Self-play phase:
  Self-play game 1/25 - 29 moves
  Self-play game 2/25 - 34 moves
  Self-play game 3/25 - 45 moves
  Self-play game 4/25 - 65 moves
  Self-play game 5/25 - 40 moves
  Self-play game 6/25 - 34 moves
  Self-play game 7/25 - 44 moves
  Self-play game 8/25 - 34 moves
  Self-play game 9/25 - 9 moves
  Self-play game 10/25 - 61 moves
  Self-play game 11/25 - 46 moves
  Self-play game 12/25 - 40 moves
  Self-play game 13/25 - 65 moves
  Self-play game 14/25 - 104 moves
  Self-play game 15/25 - 26 moves
  Self-play game 16/25 - 12 moves
  Self-play game 17/25 - 28 moves
  Self-play game 18/25 - 81 moves
  Self-play game 19/25 - 45 moves
  Self-play game 20/25 - 50 moves
  Self-play game 21/25 - 16 moves
  Self-play game 22/25 - 14 moves
  Self-play game 23/25 - 44 moves
  Self-play game 24/25 - 15 moves
  Self-play game 25/25 - 32 moves
  Collected 1013 samples (avg game length: 40.5)
  Illegal-argmax rate: 25.67%, mean illegal mass: 0.3319
  Self-play time: 152.4s
  Skipped 5 drawn games, keeping 712/1013 samples
  Replay buffer: 23561/50000 samples
Training phase:
    Epoch 1/3 - loss: 0.9970 (policy: 0.9013, value: 0.3827)
    Epoch 2/3 - loss: 0.9671 (policy: 0.8733, value: 0.3750)
    Epoch 3/3 - loss: 0.9675 (policy: 0.8754, value: 0.3686)
  Training time: 9.0s
Gating phase:
  Challenger: 5W-2L-13D (win rate 57.50%, threshold 55%)
  -> Challenger PROMOTED to best_model
  Gating time: 369.2s
Saved checkpoint: results/sgd_gate_run/model_iter_30.pt
  Iteration total: 533.8s

============================================================
Iteration 31/199
============================================================
Self-play phase:
  Self-play game 1/25 - 50 moves
  Self-play game 2/25 - 23 moves
  Self-play game 3/25 - 72 moves
  Self-play game 4/25 - 64 moves
  Self-play game 5/25 - 59 moves
  Self-play game 6/25 - 73 moves
  Self-play game 7/25 - 133 moves
  Self-play game 8/25 - 45 moves
  Self-play game 9/25 - 40 moves
  Self-play game 10/25 - 70 moves
  Self-play game 11/25 - 66 moves
  Self-play game 12/25 - 29 moves
  Self-play game 13/25 - 100 moves
  Self-play game 14/25 - 73 moves
  Self-play game 15/25 - 39 moves
  Self-play game 16/25 - 59 moves
  Self-play game 17/25 - 44 moves
  Self-play game 18/25 - 10 moves
  Self-play game 19/25 - 32 moves
  Self-play game 20/25 - 24 moves
  Self-play game 21/25 - 104 moves
  Self-play game 22/25 - 15 moves
  Self-play game 23/25 - 29 moves
  Self-play game 24/25 - 52 moves
  Self-play game 25/25 - 27 moves
  Collected 1332 samples (avg game length: 53.3)
  Illegal-argmax rate: 29.20%, mean illegal mass: 0.3580
  Self-play time: 194.0s
  Skipped 8 drawn games, keeping 780/1332 samples
  Replay buffer: 24341/50000 samples
Training phase:
    Epoch 1/3 - loss: 1.0142 (policy: 0.9175, value: 0.3866)
    Epoch 2/3 - loss: 1.0032 (policy: 0.9077, value: 0.3819)
    Epoch 3/3 - loss: 0.9624 (policy: 0.8689, value: 0.3742)
  Training time: 9.3s
Gating phase:
  Challenger: 7W-1L-12D (win rate 65.00%, threshold 55%)
  -> Challenger PROMOTED to best_model
  Gating time: 367.8s
Saved checkpoint: results/sgd_gate_run/model_iter_31.pt
  Iteration total: 574.5s

============================================================
Iteration 32/199
============================================================
Self-play phase:
  Self-play game 1/25 - 16 moves
  Self-play game 2/25 - 6 moves
  Self-play game 3/25 - 23 moves
  Self-play game 4/25 - 55 moves
  Self-play game 5/25 - 12 moves
  Self-play game 6/25 - 35 moves
  Self-play game 7/25 - 57 moves
  Self-play game 8/25 - 26 moves
  Self-play game 9/25 - 67 moves
  Self-play game 10/25 - 56 moves
  Self-play game 11/25 - 76 moves
  Self-play game 12/25 - 16 moves
  Self-play game 13/25 - 10 moves
  Self-play game 14/25 - 20 moves
  Self-play game 15/25 - 65 moves
  Self-play game 16/25 - 53 moves
  Self-play game 17/25 - 113 moves
  Self-play game 18/25 - 63 moves
  Self-play game 19/25 - 45 moves
  Self-play game 20/25 - 28 moves
  Self-play game 21/25 - 81 moves
  Self-play game 22/25 - 66 moves
  Self-play game 23/25 - 36 moves
  Self-play game 24/25 - 61 moves
  Self-play game 25/25 - 71 moves
  Collected 1157 samples (avg game length: 46.3)
  Illegal-argmax rate: 25.50%, mean illegal mass: 0.3240
  Self-play time: 165.9s
  Skipped 6 drawn games, keeping 747/1157 samples
  Replay buffer: 25088/50000 samples
Training phase:
    Epoch 1/3 - loss: 0.9969 (policy: 0.9020, value: 0.3796)
    Epoch 2/3 - loss: 0.9603 (policy: 0.8675, value: 0.3713)
    Epoch 3/3 - loss: 0.9102 (policy: 0.8182, value: 0.3680)
  Training time: 9.8s
Gating phase:
  Challenger: 7W-3L-10D (win rate 60.00%, threshold 55%)
  -> Challenger PROMOTED to best_model
  Gating time: 374.7s
Saved checkpoint: results/sgd_gate_run/model_iter_32.pt
  Iteration total: 553.6s

============================================================
Iteration 33/199
============================================================
Self-play phase:
  Self-play game 1/25 - 68 moves
  Self-play game 2/25 - 10 moves
  Self-play game 3/25 - 9 moves
  Self-play game 4/25 - 27 moves
  Self-play game 5/25 - 23 moves
  Self-play game 6/25 - 115 moves
  Self-play game 7/25 - 13 moves
  Self-play game 8/25 - 17 moves
  Self-play game 9/25 - 11 moves
  Self-play game 10/25 - 36 moves
  Self-play game 11/25 - 13 moves
  Self-play game 12/25 - 9 moves
  Self-play game 13/25 - 29 moves
  Self-play game 14/25 - 90 moves
  Self-play game 15/25 - 68 moves
  Self-play game 16/25 - 71 moves
  Self-play game 17/25 - 13 moves
  Self-play game 18/25 - 27 moves
  Self-play game 19/25 - 46 moves
  Self-play game 20/25 - 19 moves
  Self-play game 21/25 - 55 moves
  Self-play game 22/25 - 26 moves
  Self-play game 23/25 - 65 moves
  Self-play game 24/25 - 17 moves
  Self-play game 25/25 - 28 moves
  Collected 905 samples (avg game length: 36.2)
  Illegal-argmax rate: 25.75%, mean illegal mass: 0.3287
  Self-play time: 129.8s
  Skipped 4 drawn games, keeping 621/905 samples
  Replay buffer: 25709/50000 samples
Training phase:
    Epoch 1/3 - loss: 0.9611 (policy: 0.8671, value: 0.3760)
    Epoch 2/3 - loss: 0.9763 (policy: 0.8809, value: 0.3815)
    Epoch 3/3 - loss: 0.9155 (policy: 0.8242, value: 0.3651)
  Training time: 9.7s
Gating phase:
  Challenger: 5W-3L-12D (win rate 55.00%, threshold 55%)
  -> Challenger PROMOTED to best_model
  Gating time: 354.6s
Saved checkpoint: results/sgd_gate_run/model_iter_33.pt
  Iteration total: 497.3s

============================================================
Iteration 34/199
============================================================
Self-play phase:
  Self-play game 1/25 - 63 moves
  Self-play game 2/25 - 19 moves
  Self-play game 3/25 - 43 moves
  Self-play game 4/25 - 48 moves
  Self-play game 5/25 - 56 moves
  Self-play game 6/25 - 45 moves
  Self-play game 7/25 - 13 moves
  Self-play game 8/25 - 11 moves
  Self-play game 9/25 - 27 moves
  Self-play game 10/25 - 66 moves
  Self-play game 11/25 - 50 moves
  Self-play game 12/25 - 45 moves
  Self-play game 13/25 - 19 moves
  Self-play game 14/25 - 21 moves
  Self-play game 15/25 - 64 moves
  Self-play game 16/25 - 34 moves
  Self-play game 17/25 - 60 moves
  Self-play game 18/25 - 67 moves
  Self-play game 19/25 - 63 moves
  Self-play game 20/25 - 20 moves
  Self-play game 21/25 - 9 moves
  Self-play game 22/25 - 14 moves
  Self-play game 23/25 - 83 moves
  Self-play game 24/25 - 37 moves
  Self-play game 25/25 - 73 moves
  Collected 1050 samples (avg game length: 42.0)
  Illegal-argmax rate: 27.62%, mean illegal mass: 0.3375
  Self-play time: 152.5s
  Skipped 6 drawn games, keeping 731/1050 samples
  Replay buffer: 26440/50000 samples
Training phase:
    Epoch 1/3 - loss: 0.9439 (policy: 0.8518, value: 0.3683)
    Epoch 2/3 - loss: 0.9473 (policy: 0.8544, value: 0.3714)
    Epoch 3/3 - loss: 0.9423 (policy: 0.8510, value: 0.3650)
  Training time: 10.3s
Gating phase:
  Challenger: 2W-1L-17D (win rate 52.50%, threshold 55%)
  -> Champion retained
  Gating time: 359.9s
Saved checkpoint: results/sgd_gate_run/model_iter_34.pt
  Iteration total: 526.3s

============================================================
Iteration 35/199
============================================================
Self-play phase:
  Self-play game 1/25 - 41 moves
  Self-play game 2/25 - 52 moves
  Self-play game 3/25 - 84 moves
  Self-play game 4/25 - 50 moves
  Self-play game 5/25 - 105 moves
  Self-play game 6/25 - 15 moves
  Self-play game 7/25 - 24 moves
  Self-play game 8/25 - 9 moves
  Self-play game 9/25 - 35 moves
  Self-play game 10/25 - 19 moves
  Self-play game 11/25 - 47 moves
  Self-play game 12/25 - 20 moves
  Self-play game 13/25 - 47 moves
  Self-play game 14/25 - 27 moves
  Self-play game 15/25 - 25 moves
  Self-play game 16/25 - 11 moves
  Self-play game 17/25 - 55 moves
  Self-play game 18/25 - 104 moves
  Self-play game 19/25 - 66 moves
  Self-play game 20/25 - 65 moves
  Self-play game 21/25 - 53 moves
  Self-play game 22/25 - 47 moves
  Self-play game 23/25 - 18 moves
  Self-play game 24/25 - 32 moves
  Self-play game 25/25 - 93 moves
  Collected 1144 samples (avg game length: 45.8)
  Illegal-argmax rate: 27.01%, mean illegal mass: 0.3224
  Self-play time: 169.7s
  Skipped 4 drawn games, keeping 866/1144 samples
  Replay buffer: 27306/50000 samples
Training phase:
    Epoch 1/3 - loss: 1.0184 (policy: 0.9194, value: 0.3962)
    Epoch 2/3 - loss: 0.9758 (policy: 0.8789, value: 0.3875)
    Epoch 3/3 - loss: 0.9631 (policy: 0.8668, value: 0.3853)
  Training time: 10.3s
Gating phase:
  Challenger: 8W-2L-10D (win rate 65.00%, threshold 55%)
  -> Challenger PROMOTED to best_model
  Gating time: 316.5s
Saved checkpoint: results/sgd_gate_run/model_iter_35.pt
  Iteration total: 500.0s

============================================================
Iteration 36/199
============================================================
Self-play phase:
  Self-play game 1/25 - 95 moves
  Self-play game 2/25 - 36 moves
  Self-play game 3/25 - 18 moves
  Self-play game 4/25 - 43 moves
  Self-play game 5/25 - 38 moves
  Self-play game 6/25 - 62 moves
  Self-play game 7/25 - 63 moves
  Self-play game 8/25 - 61 moves
  Self-play game 9/25 - 17 moves
  Self-play game 10/25 - 19 moves
  Self-play game 11/25 - 46 moves
  Self-play game 12/25 - 29 moves
  Self-play game 13/25 - 30 moves
  Self-play game 14/25 - 33 moves
  Self-play game 15/25 - 55 moves
  Self-play game 16/25 - 40 moves
  Self-play game 17/25 - 70 moves
  Self-play game 18/25 - 64 moves
  Self-play game 19/25 - 15 moves
  Self-play game 20/25 - 47 moves
  Self-play game 21/25 - 15 moves
  Self-play game 22/25 - 60 moves
  Self-play game 23/25 - 30 moves
  Self-play game 24/25 - 16 moves
  Self-play game 25/25 - 30 moves
  Collected 1032 samples (avg game length: 41.3)
  Illegal-argmax rate: 31.59%, mean illegal mass: 0.3748
  Self-play time: 159.4s
  Skipped 6 drawn games, keeping 701/1032 samples
  Replay buffer: 28007/50000 samples
Training phase:
    Epoch 1/3 - loss: 0.9837 (policy: 0.8869, value: 0.3870)
    Epoch 2/3 - loss: 0.9658 (policy: 0.8693, value: 0.3860)
    Epoch 3/3 - loss: 0.9494 (policy: 0.8524, value: 0.3882)
  Training time: 10.4s
Gating phase:
  Challenger: 7W-2L-11D (win rate 62.50%, threshold 55%)
  -> Challenger PROMOTED to best_model
  Gating time: 286.4s
Saved checkpoint: results/sgd_gate_run/model_iter_36.pt
  Iteration total: 459.8s

============================================================
Iteration 37/199
============================================================
Self-play phase:
  Self-play game 1/25 - 21 moves
  Self-play game 2/25 - 59 moves
  Self-play game 3/25 - 23 moves
  Self-play game 4/25 - 47 moves
  Self-play game 5/25 - 29 moves
  Self-play game 6/25 - 14 moves
  Self-play game 7/25 - 33 moves
  Self-play game 8/25 - 49 moves
  Self-play game 9/25 - 51 moves
  Self-play game 10/25 - 17 moves
  Self-play game 11/25 - 19 moves
  Self-play game 12/25 - 26 moves
  Self-play game 13/25 - 34 moves
  Self-play game 14/25 - 38 moves
  Self-play game 15/25 - 74 moves
  Self-play game 16/25 - 34 moves
  Self-play game 17/25 - 42 moves
  Self-play game 18/25 - 43 moves
  Self-play game 19/25 - 55 moves
  Self-play game 20/25 - 14 moves
  Self-play game 21/25 - 41 moves
  Self-play game 22/25 - 8 moves
  Self-play game 23/25 - 19 moves
  Self-play game 24/25 - 13 moves
  Self-play game 25/25 - 50 moves
  Collected 853 samples (avg game length: 34.1)
  Illegal-argmax rate: 23.33%, mean illegal mass: 0.3104
  Self-play time: 124.8s
  Skipped 5 drawn games, keeping 581/853 samples
  Replay buffer: 28588/50000 samples
Training phase:
    Epoch 1/3 - loss: 0.9626 (policy: 0.8662, value: 0.3857)
    Epoch 2/3 - loss: 0.9300 (policy: 0.8347, value: 0.3811)
    Epoch 3/3 - loss: 0.8996 (policy: 0.8065, value: 0.3725)
  Training time: 10.8s
Gating phase:
  Challenger: 2W-4L-14D (win rate 45.00%, threshold 55%)
  -> Champion retained
  Gating time: 368.0s
Saved checkpoint: results/sgd_gate_run/model_iter_37.pt
  Iteration total: 507.2s

============================================================
Iteration 38/199
============================================================
Self-play phase:
  Self-play game 1/25 - 35 moves
  Self-play game 2/25 - 34 moves
  Self-play game 3/25 - 25 moves
  Self-play game 4/25 - 36 moves
  Self-play game 5/25 - 67 moves
  Self-play game 6/25 - 39 moves
  Self-play game 7/25 - 24 moves
  Self-play game 8/25 - 21 moves
  Self-play game 9/25 - 44 moves
  Self-play game 10/25 - 103 moves
  Self-play game 11/25 - 51 moves
  Self-play game 12/25 - 10 moves
  Self-play game 13/25 - 58 moves
  Self-play game 14/25 - 96 moves
  Self-play game 15/25 - 76 moves
  Self-play game 16/25 - 10 moves
  Self-play game 17/25 - 44 moves
  Self-play game 18/25 - 6 moves
  Self-play game 19/25 - 107 moves
  Self-play game 20/25 - 33 moves
  Self-play game 21/25 - 37 moves
  Self-play game 22/25 - 23 moves
  Self-play game 23/25 - 51 moves
  Self-play game 24/25 - 67 moves
  Self-play game 25/25 - 71 moves
  Collected 1168 samples (avg game length: 46.7)
  Illegal-argmax rate: 27.91%, mean illegal mass: 0.3435
  Self-play time: 177.1s
  Skipped 5 drawn games, keeping 834/1168 samples
  Replay buffer: 29422/50000 samples
Training phase:
    Epoch 1/3 - loss: 0.9988 (policy: 0.9016, value: 0.3885)
    Epoch 2/3 - loss: 0.9636 (policy: 0.8673, value: 0.3852)
    Epoch 3/3 - loss: 0.9310 (policy: 0.8356, value: 0.3818)
  Training time: 10.9s
Gating phase:
  Challenger: 6W-2L-12D (win rate 60.00%, threshold 55%)
  -> Challenger PROMOTED to best_model
  Gating time: 248.1s
Saved checkpoint: results/sgd_gate_run/model_iter_38.pt
  Iteration total: 439.9s

============================================================
Iteration 39/199
============================================================
Self-play phase:
  Self-play game 1/25 - 14 moves
  Self-play game 2/25 - 17 moves
  Self-play game 3/25 - 29 moves
  Self-play game 4/25 - 18 moves
  Self-play game 5/25 - 10 moves
  Self-play game 6/25 - 67 moves
  Self-play game 7/25 - 18 moves
  Self-play game 8/25 - 16 moves
  Self-play game 9/25 - 9 moves
  Self-play game 10/25 - 15 moves
  Self-play game 11/25 - 65 moves
  Self-play game 12/25 - 49 moves
  Self-play game 13/25 - 17 moves
  Self-play game 14/25 - 26 moves
  Self-play game 15/25 - 73 moves
  Self-play game 16/25 - 44 moves
  Self-play game 17/25 - 58 moves
  Self-play game 18/25 - 11 moves
  Self-play game 19/25 - 16 moves
  Self-play game 20/25 - 7 moves
  Self-play game 21/25 - 16 moves
  Self-play game 22/25 - 79 moves
  Self-play game 23/25 - 89 moves
  Self-play game 24/25 - 14 moves
  Self-play game 25/25 - 25 moves
  Collected 802 samples (avg game length: 32.1)
  Illegal-argmax rate: 18.83%, mean illegal mass: 0.2530
  Self-play time: 123.5s
  Skipped 3 drawn games, keeping 633/802 samples
  Replay buffer: 30055/50000 samples
Training phase:
    Epoch 1/3 - loss: 0.9612 (policy: 0.8630, value: 0.3931)
    Epoch 2/3 - loss: 0.9204 (policy: 0.8240, value: 0.3855)
    Epoch 3/3 - loss: 0.9214 (policy: 0.8252, value: 0.3846)
  Training time: 11.3s
Gating phase:
  Challenger: 0W-2L-18D (win rate 45.00%, threshold 55%)
  -> Champion retained
  Gating time: 339.9s
Saved checkpoint: results/sgd_gate_run/model_iter_39.pt
  Iteration total: 478.4s

============================================================
Iteration 40/199
============================================================
Self-play phase:
  Self-play game 1/25 - 31 moves
  Self-play game 2/25 - 117 moves
  Self-play game 3/25 - 55 moves
  Self-play game 4/25 - 54 moves
  Self-play game 5/25 - 13 moves
  Self-play game 6/25 - 36 moves
  Self-play game 7/25 - 46 moves
  Self-play game 8/25 - 38 moves
  Self-play game 9/25 - 16 moves
  Self-play game 10/25 - 17 moves
  Self-play game 11/25 - 10 moves
  Self-play game 12/25 - 31 moves
  Self-play game 13/25 - 12 moves
  Self-play game 14/25 - 12 moves
  Self-play game 15/25 - 11 moves
  Self-play game 16/25 - 64 moves
  Self-play game 17/25 - 12 moves
  Self-play game 18/25 - 93 moves
  Self-play game 19/25 - 35 moves
  Self-play game 20/25 - 23 moves
  Self-play game 21/25 - 68 moves
  Self-play game 22/25 - 17 moves
  Self-play game 23/25 - 25 moves
  Self-play game 24/25 - 74 moves
  Self-play game 25/25 - 12 moves
  Collected 922 samples (avg game length: 36.9)
  Illegal-argmax rate: 24.40%, mean illegal mass: 0.3111
  Self-play time: 132.0s
  Skipped 5 drawn games, keeping 720/922 samples
  Replay buffer: 30775/50000 samples
Training phase:
    Epoch 1/3 - loss: 0.9615 (policy: 0.8612, value: 0.4011)
    Epoch 2/3 - loss: 0.9545 (policy: 0.8547, value: 0.3994)
    Epoch 3/3 - loss: 0.9325 (policy: 0.8328, value: 0.3988)
  Training time: 11.6s
Gating phase:
  Challenger: 5W-5L-10D (win rate 50.00%, threshold 55%)
  -> Champion retained
  Gating time: 403.0s
Saved checkpoint: results/sgd_gate_run/model_iter_40.pt
  Iteration total: 550.4s

============================================================
Iteration 41/199
============================================================
Self-play phase:
  Self-play game 1/25 - 17 moves
  Self-play game 2/25 - 71 moves
  Self-play game 3/25 - 55 moves
  Self-play game 4/25 - 8 moves
  Self-play game 5/25 - 55 moves
  Self-play game 6/25 - 24 moves
  Self-play game 7/25 - 115 moves
  Self-play game 8/25 - 32 moves
  Self-play game 9/25 - 75 moves
  Self-play game 10/25 - 57 moves
  Self-play game 11/25 - 19 moves
  Self-play game 12/25 - 40 moves
  Self-play game 13/25 - 50 moves
  Self-play game 14/25 - 58 moves
  Self-play game 15/25 - 29 moves
  Self-play game 16/25 - 30 moves
  Self-play game 17/25 - 16 moves
  Self-play game 18/25 - 36 moves
  Self-play game 19/25 - 21 moves
  Self-play game 20/25 - 22 moves
  Self-play game 21/25 - 52 moves
  Self-play game 22/25 - 12 moves
  Self-play game 23/25 - 25 moves
  Self-play game 24/25 - 16 moves
  Self-play game 25/25 - 50 moves
  Collected 985 samples (avg game length: 39.4)
  Illegal-argmax rate: 24.26%, mean illegal mass: 0.3066
  Self-play time: 141.9s
  Skipped 4 drawn games, keeping 790/985 samples
  Replay buffer: 31565/50000 samples
Training phase:
    Epoch 1/3 - loss: 0.9815 (policy: 0.8806, value: 0.4036)
    Epoch 2/3 - loss: 0.9987 (policy: 0.8974, value: 0.4054)
    Epoch 3/3 - loss: 0.9330 (policy: 0.8334, value: 0.3986)
  Training time: 12.0s
Gating phase:
  Challenger: 4W-2L-14D (win rate 55.00%, threshold 55%)
  -> Challenger PROMOTED to best_model
  Gating time: 431.1s
Saved checkpoint: results/sgd_gate_run/model_iter_41.pt
  Iteration total: 588.9s

============================================================
Iteration 42/199
============================================================
Self-play phase:
  Self-play game 1/25 - 78 moves
  Self-play game 2/25 - 53 moves
  Self-play game 3/25 - 35 moves
  Self-play game 4/25 - 30 moves
  Self-play game 5/25 - 92 moves
  Self-play game 6/25 - 35 moves
  Self-play game 7/25 - 33 moves
  Self-play game 8/25 - 73 moves
  Self-play game 9/25 - 56 moves
  Self-play game 10/25 - 31 moves
  Self-play game 11/25 - 113 moves
  Self-play game 12/25 - 119 moves
  Self-play game 13/25 - 24 moves
  Self-play game 14/25 - 37 moves
  Self-play game 15/25 - 23 moves
  Self-play game 16/25 - 51 moves
  Self-play game 17/25 - 73 moves
  Self-play game 18/25 - 34 moves
  Self-play game 19/25 - 21 moves
  Self-play game 20/25 - 33 moves
  Self-play game 21/25 - 74 moves
  Self-play game 22/25 - 36 moves
  Self-play game 23/25 - 45 moves
  Self-play game 24/25 - 80 moves
  Self-play game 25/25 - 39 moves
  Collected 1318 samples (avg game length: 52.7)
  Illegal-argmax rate: 27.92%, mean illegal mass: 0.3344
  Self-play time: 186.0s
  Skipped 4 drawn games, keeping 1038/1318 samples
  Replay buffer: 32603/50000 samples
Training phase:
    Epoch 1/3 - loss: 1.0027 (policy: 0.9028, value: 0.3995)
    Epoch 2/3 - loss: 0.9622 (policy: 0.8616, value: 0.4026)
    Epoch 3/3 - loss: 0.9443 (policy: 0.8438, value: 0.4017)
  Training time: 11.9s
Gating phase:
  Challenger: 1W-3L-16D (win rate 45.00%, threshold 55%)
  -> Champion retained
  Gating time: 413.9s
Saved checkpoint: results/sgd_gate_run/model_iter_42.pt
  Iteration total: 616.2s

============================================================
Iteration 43/199
============================================================
Self-play phase:
  Self-play game 1/25 - 77 moves
  Self-play game 2/25 - 24 moves
  Self-play game 3/25 - 25 moves
  Self-play game 4/25 - 58 moves
  Self-play game 5/25 - 97 moves
  Self-play game 6/25 - 34 moves
  Self-play game 7/25 - 19 moves
  Self-play game 8/25 - 9 moves
  Self-play game 9/25 - 28 moves
  Self-play game 10/25 - 50 moves
  Self-play game 11/25 - 11 moves
  Self-play game 12/25 - 19 moves
  Self-play game 13/25 - 26 moves
  Self-play game 14/25 - 54 moves
  Self-play game 15/25 - 46 moves
  Self-play game 16/25 - 12 moves
  Self-play game 17/25 - 9 moves
  Self-play game 18/25 - 28 moves
  Self-play game 19/25 - 26 moves
  Self-play game 20/25 - 14 moves
  Self-play game 21/25 - 46 moves
  Self-play game 22/25 - 97 moves
  Self-play game 23/25 - 58 moves
  Self-play game 24/25 - 39 moves
  Self-play game 25/25 - 25 moves
  Collected 931 samples (avg game length: 37.2)
  Illegal-argmax rate: 24.38%, mean illegal mass: 0.2990
  Self-play time: 135.7s
  Skipped 4 drawn games, keeping 684/931 samples
  Replay buffer: 33287/50000 samples
Training phase:
    Epoch 1/3 - loss: 0.9844 (policy: 0.8827, value: 0.4068)
    Epoch 2/3 - loss: 0.9593 (policy: 0.8581, value: 0.4048)
    Epoch 3/3 - loss: 0.8988 (policy: 0.8002, value: 0.3943)
  Training time: 12.4s
Gating phase:
  Challenger: 0W-10L-10D (win rate 25.00%, threshold 55%)
  -> Champion retained
  Gating time: 243.9s
Saved checkpoint: results/sgd_gate_run/model_iter_43.pt
  Iteration total: 396.4s

============================================================
Iteration 44/199
============================================================
Self-play phase:
  Self-play game 1/25 - 41 moves
  Self-play game 2/25 - 9 moves
  Self-play game 3/25 - 22 moves
  Self-play game 4/25 - 56 moves
  Self-play game 5/25 - 56 moves
  Self-play game 6/25 - 26 moves
  Self-play game 7/25 - 51 moves
  Self-play game 8/25 - 59 moves
  Self-play game 9/25 - 35 moves
  Self-play game 10/25 - 74 moves
  Self-play game 11/25 - 9 moves
  Self-play game 12/25 - 8 moves
  Self-play game 13/25 - 35 moves
  Self-play game 14/25 - 40 moves
  Self-play game 15/25 - 56 moves
  Self-play game 16/25 - 30 moves
  Self-play game 17/25 - 18 moves
  Self-play game 18/25 - 59 moves
  Self-play game 19/25 - 27 moves
  Self-play game 20/25 - 16 moves
  Self-play game 21/25 - 42 moves
  Self-play game 22/25 - 124 moves
  Self-play game 23/25 - 63 moves
  Self-play game 24/25 - 53 moves
  Self-play game 25/25 - 81 moves
  Collected 1090 samples (avg game length: 43.6)
  Illegal-argmax rate: 26.06%, mean illegal mass: 0.3160
  Self-play time: 156.4s
  Skipped 8 drawn games, keeping 617/1090 samples
  Replay buffer: 33904/50000 samples
Training phase:
    Epoch 1/3 - loss: 0.9579 (policy: 0.8565, value: 0.4058)
    Epoch 2/3 - loss: 0.9463 (policy: 0.8449, value: 0.4057)
    Epoch 3/3 - loss: 0.9304 (policy: 0.8301, value: 0.4012)
  Training time: 13.7s
Gating phase:
  Challenger: 2W-3L-15D (win rate 47.50%, threshold 55%)
  -> Champion retained
  Gating time: 367.7s
Saved checkpoint: results/sgd_gate_run/model_iter_44.pt
  Iteration total: 542.4s

============================================================
Iteration 45/199
============================================================
Self-play phase:
  Self-play game 1/25 - 15 moves
  Self-play game 2/25 - 37 moves
  Self-play game 3/25 - 77 moves
  Self-play game 4/25 - 61 moves
  Self-play game 5/25 - 12 moves
  Self-play game 6/25 - 37 moves
  Self-play game 7/25 - 130 moves
  Self-play game 8/25 - 32 moves
  Self-play game 9/25 - 36 moves
  Self-play game 10/25 - 53 moves
  Self-play game 11/25 - 22 moves
  Self-play game 12/25 - 20 moves
  Self-play game 13/25 - 65 moves
  Self-play game 14/25 - 28 moves
  Self-play game 15/25 - 46 moves
  Self-play game 16/25 - 21 moves
  Self-play game 17/25 - 12 moves
  Self-play game 18/25 - 14 moves
  Self-play game 19/25 - 36 moves
  Self-play game 20/25 - 12 moves
  Self-play game 21/25 - 48 moves
  Self-play game 22/25 - 53 moves
  Self-play game 23/25 - 47 moves
  Self-play game 24/25 - 45 moves
  Self-play game 25/25 - 37 moves
  Collected 996 samples (avg game length: 39.8)
  Illegal-argmax rate: 20.78%, mean illegal mass: 0.2652
  Self-play time: 149.1s
  Skipped 11 drawn games, keeping 381/996 samples
  Replay buffer: 34285/50000 samples
Training phase:
    Epoch 1/3 - loss: 0.9270 (policy: 0.8265, value: 0.4021)
    Epoch 2/3 - loss: 0.9140 (policy: 0.8143, value: 0.3987)
    Epoch 3/3 - loss: 0.8852 (policy: 0.7864, value: 0.3953)
  Training time: 12.5s
Gating phase:
  Challenger: 10W-0L-10D (win rate 75.00%, threshold 55%)
  -> Challenger PROMOTED to best_model
  Gating time: 320.9s
Saved checkpoint: results/sgd_gate_run/model_iter_45.pt
  Iteration total: 487.0s

============================================================
Iteration 46/199
============================================================
Self-play phase:
  Self-play game 1/25 - 52 moves
  Self-play game 2/25 - 68 moves
  Self-play game 3/25 - 62 moves
  Self-play game 4/25 - 11 moves
  Self-play game 5/25 - 10 moves
  Self-play game 6/25 - 39 moves
  Self-play game 7/25 - 49 moves
  Self-play game 8/25 - 55 moves
  Self-play game 9/25 - 31 moves
  Self-play game 10/25 - 19 moves
  Self-play game 11/25 - 32 moves
  Self-play game 12/25 - 38 moves
  Self-play game 13/25 - 21 moves
  Self-play game 14/25 - 78 moves
  Self-play game 15/25 - 73 moves
  Self-play game 16/25 - 49 moves
  Self-play game 17/25 - 12 moves
  Self-play game 18/25 - 51 moves
  Self-play game 19/25 - 78 moves
  Self-play game 20/25 - 31 moves
  Self-play game 21/25 - 67 moves
  Self-play game 22/25 - 79 moves
  Self-play game 23/25 - 18 moves
  Self-play game 24/25 - 53 moves
  Self-play game 25/25 - 10 moves
  Collected 1086 samples (avg game length: 43.4)
  Illegal-argmax rate: 26.98%, mean illegal mass: 0.3166
  Self-play time: 159.2s
  Skipped 5 drawn games, keeping 802/1086 samples
  Replay buffer: 35087/50000 samples
Training phase:
    Epoch 1/3 - loss: 0.9518 (policy: 0.8510, value: 0.4031)
    Epoch 2/3 - loss: 0.9250 (policy: 0.8247, value: 0.4016)
    Epoch 3/3 - loss: 0.9040 (policy: 0.8043, value: 0.3986)
  Training time: 12.0s
Gating phase:
  Challenger: 8W-2L-10D (win rate 65.00%, threshold 55%)
  -> Challenger PROMOTED to best_model
  Gating time: 298.8s
Saved checkpoint: results/sgd_gate_run/model_iter_46.pt
  Iteration total: 474.4s

============================================================
Iteration 47/199
============================================================
Self-play phase:
  Self-play game 1/25 - 77 moves
  Self-play game 2/25 - 12 moves
  Self-play game 3/25 - 66 moves
  Self-play game 4/25 - 46 moves
  Self-play game 5/25 - 22 moves
  Self-play game 6/25 - 5 moves
  Self-play game 7/25 - 17 moves
  Self-play game 8/25 - 13 moves
  Self-play game 9/25 - 42 moves
  Self-play game 10/25 - 57 moves
  Self-play game 11/25 - 75 moves
  Self-play game 12/25 - 18 moves
  Self-play game 13/25 - 107 moves
  Self-play game 14/25 - 62 moves
  Self-play game 15/25 - 17 moves
  Self-play game 16/25 - 60 moves
  Self-play game 17/25 - 37 moves
  Self-play game 18/25 - 51 moves
  Self-play game 19/25 - 23 moves
  Self-play game 20/25 - 23 moves
  Self-play game 21/25 - 15 moves
  Self-play game 22/25 - 57 moves
  Self-play game 23/25 - 58 moves
  Self-play game 24/25 - 58 moves
  Self-play game 25/25 - 107 moves
  Collected 1125 samples (avg game length: 45.0)
  Illegal-argmax rate: 24.36%, mean illegal mass: 0.2918
  Self-play time: 165.1s
  Skipped 9 drawn games, keeping 581/1125 samples
  Replay buffer: 35668/50000 samples
Training phase:
    Epoch 1/3 - loss: 0.9391 (policy: 0.8394, value: 0.3986)
    Epoch 2/3 - loss: 0.9129 (policy: 0.8144, value: 0.3940)
    Epoch 3/3 - loss: 0.8752 (policy: 0.7769, value: 0.3933)
  Training time: 14.0s
Gating phase:
  Challenger: 4W-6L-10D (win rate 45.00%, threshold 55%)
  -> Champion retained
  Gating time: 421.8s
Saved checkpoint: results/sgd_gate_run/model_iter_47.pt
  Iteration total: 605.6s

============================================================
Iteration 48/199
============================================================
Self-play phase:
  Self-play game 1/25 - 11 moves
  Self-play game 2/25 - 14 moves
  Self-play game 3/25 - 30 moves
  Self-play game 4/25 - 71 moves
  Self-play game 5/25 - 13 moves
  Self-play game 6/25 - 25 moves
  Self-play game 7/25 - 62 moves
  Self-play game 8/25 - 62 moves
  Self-play game 9/25 - 76 moves
  Self-play game 10/25 - 25 moves
  Self-play game 11/25 - 45 moves
  Self-play game 12/25 - 9 moves
  Self-play game 13/25 - 17 moves
  Self-play game 14/25 - 29 moves
  Self-play game 15/25 - 43 moves
  Self-play game 16/25 - 24 moves
  Self-play game 17/25 - 22 moves
  Self-play game 18/25 - 31 moves
  Self-play game 19/25 - 39 moves
  Self-play game 20/25 - 66 moves
  Self-play game 21/25 - 36 moves
  Self-play game 22/25 - 32 moves
  Self-play game 23/25 - 36 moves
  Self-play game 24/25 - 13 moves
  Self-play game 25/25 - 20 moves
  Collected 851 samples (avg game length: 34.0)
  Illegal-argmax rate: 20.68%, mean illegal mass: 0.2751
  Self-play time: 133.8s
  Skipped 6 drawn games, keeping 583/851 samples
  Replay buffer: 36251/50000 samples
Training phase:
    Epoch 1/3 - loss: 0.9324 (policy: 0.8320, value: 0.4016)
    Epoch 2/3 - loss: 0.9390 (policy: 0.8377, value: 0.4052)
    Epoch 3/3 - loss: 0.9135 (policy: 0.8136, value: 0.3995)
  Training time: 14.3s
Gating phase:
  Challenger: 6W-0L-14D (win rate 65.00%, threshold 55%)
  -> Challenger PROMOTED to best_model
  Gating time: 370.1s
Saved checkpoint: results/sgd_gate_run/model_iter_48.pt
  Iteration total: 522.8s

============================================================
Iteration 49/199
============================================================
Self-play phase:
  Self-play game 1/25 - 93 moves
  Self-play game 2/25 - 54 moves
  Self-play game 3/25 - 26 moves
  Self-play game 4/25 - 74 moves
  Self-play game 5/25 - 27 moves
  Self-play game 6/25 - 47 moves
  Self-play game 7/25 - 54 moves
  Self-play game 8/25 - 65 moves
  Self-play game 9/25 - 33 moves
  Self-play game 10/25 - 101 moves
  Self-play game 11/25 - 21 moves
  Self-play game 12/25 - 40 moves
  Self-play game 13/25 - 5 moves
  Self-play game 14/25 - 25 moves
  Self-play game 15/25 - 35 moves
  Self-play game 16/25 - 17 moves
  Self-play game 17/25 - 41 moves
  Self-play game 18/25 - 50 moves
  Self-play game 19/25 - 54 moves
  Self-play game 20/25 - 82 moves
  Self-play game 21/25 - 40 moves
  Self-play game 22/25 - 32 moves
  Self-play game 23/25 - 7 moves
  Self-play game 24/25 - 68 moves
  Self-play game 25/25 - 10 moves
  Collected 1101 samples (avg game length: 44.0)
  Illegal-argmax rate: 23.07%, mean illegal mass: 0.2854
  Self-play time: 160.4s
  Skipped 8 drawn games, keeping 650/1101 samples
  Replay buffer: 36901/50000 samples
Training phase:
    Epoch 1/3 - loss: 0.9402 (policy: 0.8385, value: 0.4069)
    Epoch 2/3 - loss: 0.9316 (policy: 0.8301, value: 0.4060)
    Epoch 3/3 - loss: 0.9082 (policy: 0.8077, value: 0.4020)
  Training time: 14.5s
Gating phase:
  Challenger: 6W-5L-9D (win rate 52.50%, threshold 55%)
  -> Champion retained
  Gating time: 334.7s
Saved checkpoint: results/sgd_gate_run/model_iter_49.pt
  Iteration total: 514.2s

============================================================
Iteration 50/199
============================================================
Self-play phase:
  Self-play game 1/25 - 19 moves
  Self-play game 2/25 - 21 moves
  Self-play game 3/25 - 27 moves
  Self-play game 4/25 - 31 moves
  Self-play game 5/25 - 95 moves
  Self-play game 6/25 - 37 moves
  Self-play game 7/25 - 23 moves
  Self-play game 8/25 - 80 moves
  Self-play game 9/25 - 50 moves
  Self-play game 10/25 - 32 moves
  Self-play game 11/25 - 39 moves
  Self-play game 12/25 - 99 moves
  Self-play game 13/25 - 13 moves
  Self-play game 14/25 - 54 moves
  Self-play game 15/25 - 28 moves
  Self-play game 16/25 - 34 moves
  Self-play game 17/25 - 57 moves
  Self-play game 18/25 - 79 moves
  Self-play game 19/25 - 76 moves
  Self-play game 20/25 - 58 moves
  Self-play game 21/25 - 12 moves
  Self-play game 22/25 - 17 moves
  Self-play game 23/25 - 13 moves
  Self-play game 24/25 - 85 moves
  Self-play game 25/25 - 83 moves
  Collected 1162 samples (avg game length: 46.5)
  Illegal-argmax rate: 27.11%, mean illegal mass: 0.3165
  Self-play time: 169.0s
  Skipped 9 drawn games, keeping 596/1162 samples
  Replay buffer: 37497/50000 samples
Training phase:
    Epoch 1/3 - loss: 0.9561 (policy: 0.8550, value: 0.4045)
    Epoch 2/3 - loss: 0.9298 (policy: 0.8287, value: 0.4042)
    Epoch 3/3 - loss: 0.9360 (policy: 0.8354, value: 0.4025)
  Training time: 14.7s
Gating phase:
  Challenger: 10W-1L-9D (win rate 72.50%, threshold 55%)
  -> Challenger PROMOTED to best_model
  Gating time: 302.9s
Saved checkpoint: results/sgd_gate_run/model_iter_50.pt
  Iteration total: 491.7s

============================================================
Iteration 51/199
============================================================
Self-play phase:
  Self-play game 1/25 - 43 moves
  Self-play game 2/25 - 55 moves
  Self-play game 3/25 - 35 moves
  Self-play game 4/25 - 104 moves
  Self-play game 5/25 - 81 moves
  Self-play game 6/25 - 14 moves
  Self-play game 7/25 - 15 moves
  Self-play game 8/25 - 27 moves
  Self-play game 9/25 - 51 moves
  Self-play game 10/25 - 31 moves
  Self-play game 11/25 - 5 moves
  Self-play game 12/25 - 47 moves
  Self-play game 13/25 - 22 moves
  Self-play game 14/25 - 56 moves
  Self-play game 15/25 - 12 moves
  Self-play game 16/25 - 36 moves
  Self-play game 17/25 - 17 moves
  Self-play game 18/25 - 92 moves
  Self-play game 19/25 - 48 moves
  Self-play game 20/25 - 66 moves
  Self-play game 21/25 - 50 moves
  Self-play game 22/25 - 29 moves
  Self-play game 23/25 - 16 moves
  Self-play game 24/25 - 88 moves
  Self-play game 25/25 - 24 moves
  Collected 1064 samples (avg game length: 42.6)
  Illegal-argmax rate: 23.59%, mean illegal mass: 0.2930
  Self-play time: 158.5s
  Skipped 3 drawn games, keeping 900/1064 samples
  Replay buffer: 38397/50000 samples
Training phase:
    Epoch 1/3 - loss: 0.9581 (policy: 0.8570, value: 0.4041)
    Epoch 2/3 - loss: 0.9610 (policy: 0.8582, value: 0.4112)
    Epoch 3/3 - loss: 0.8915 (policy: 0.7892, value: 0.4091)
  Training time: 15.1s
Gating phase:
  Challenger: 7W-1L-12D (win rate 65.00%, threshold 55%)
  -> Challenger PROMOTED to best_model
  Gating time: 275.2s
Saved checkpoint: results/sgd_gate_run/model_iter_51.pt
  Iteration total: 454.0s

============================================================
Iteration 52/199
============================================================
Self-play phase:
  Self-play game 1/25 - 67 moves
  Self-play game 2/25 - 38 moves
  Self-play game 3/25 - 26 moves
  Self-play game 4/25 - 66 moves
  Self-play game 5/25 - 32 moves
  Self-play game 6/25 - 91 moves
  Self-play game 7/25 - 50 moves
  Self-play game 8/25 - 17 moves
  Self-play game 9/25 - 11 moves
  Self-play game 10/25 - 75 moves
  Self-play game 11/25 - 42 moves
  Self-play game 12/25 - 5 moves
  Self-play game 13/25 - 15 moves
  Self-play game 14/25 - 78 moves
  Self-play game 15/25 - 34 moves
  Self-play game 16/25 - 83 moves
  Self-play game 17/25 - 50 moves
  Self-play game 18/25 - 9 moves
  Self-play game 19/25 - 54 moves
  Self-play game 20/25 - 41 moves
  Self-play game 21/25 - 59 moves
  Self-play game 22/25 - 27 moves
  Self-play game 23/25 - 79 moves
  Self-play game 24/25 - 74 moves
  Self-play game 25/25 - 33 moves
  Collected 1156 samples (avg game length: 46.2)
  Illegal-argmax rate: 17.99%, mean illegal mass: 0.2429
  Self-play time: 161.9s
  Skipped 10 drawn games, keeping 638/1156 samples
  Replay buffer: 39035/50000 samples
Training phase:
    Epoch 1/3 - loss: 0.9449 (policy: 0.8419, value: 0.4120)
    Epoch 2/3 - loss: 0.9336 (policy: 0.8310, value: 0.4107)
    Epoch 3/3 - loss: 0.9156 (policy: 0.8140, value: 0.4065)
  Training time: 15.4s
Gating phase:
  Challenger: 3W-6L-11D (win rate 42.50%, threshold 55%)
  -> Champion retained
  Gating time: 327.5s
Saved checkpoint: results/sgd_gate_run/model_iter_52.pt
  Iteration total: 510.0s

============================================================
Iteration 53/199
============================================================
Self-play phase:
  Self-play game 1/25 - 24 moves
  Self-play game 2/25 - 63 moves
  Self-play game 3/25 - 69 moves
  Self-play game 4/25 - 45 moves
  Self-play game 5/25 - 38 moves
  Self-play game 6/25 - 48 moves
  Self-play game 7/25 - 31 moves
  Self-play game 8/25 - 40 moves
  Self-play game 9/25 - 33 moves
  Self-play game 10/25 - 65 moves
  Self-play game 11/25 - 73 moves
  Self-play game 12/25 - 34 moves
  Self-play game 13/25 - 15 moves
  Self-play game 14/25 - 59 moves
  Self-play game 15/25 - 47 moves
  Self-play game 16/25 - 16 moves
  Self-play game 17/25 - 22 moves
  Self-play game 18/25 - 14 moves
  Self-play game 19/25 - 19 moves
  Self-play game 20/25 - 50 moves
  Self-play game 21/25 - 68 moves
  Self-play game 22/25 - 54 moves
  Self-play game 23/25 - 8 moves
  Self-play game 24/25 - 62 moves
  Self-play game 25/25 - 56 moves
  Collected 1053 samples (avg game length: 42.1)
  Illegal-argmax rate: 18.52%, mean illegal mass: 0.2494
  Self-play time: 151.7s
  Skipped 5 drawn games, keeping 798/1053 samples
  Replay buffer: 39833/50000 samples
Training phase:
    Epoch 1/3 - loss: 0.9621 (policy: 0.8606, value: 0.4060)
    Epoch 2/3 - loss: 0.9477 (policy: 0.8456, value: 0.4084)
    Epoch 3/3 - loss: 0.9017 (policy: 0.7998, value: 0.4077)
  Training time: 13.3s
Gating phase:
  Challenger: 4W-7L-9D (win rate 42.50%, threshold 55%)
  -> Champion retained
  Gating time: 328.4s
Saved checkpoint: results/sgd_gate_run/model_iter_53.pt
  Iteration total: 498.8s

============================================================
Iteration 54/199
============================================================
Self-play phase:
  Self-play game 1/25 - 18 moves
  Self-play game 2/25 - 80 moves
  Self-play game 3/25 - 49 moves
  Self-play game 4/25 - 31 moves
  Self-play game 5/25 - 42 moves
  Self-play game 6/25 - 24 moves
  Self-play game 7/25 - 48 moves
  Self-play game 8/25 - 41 moves
  Self-play game 9/25 - 47 moves
  Self-play game 10/25 - 16 moves
  Self-play game 11/25 - 57 moves
  Self-play game 12/25 - 38 moves
  Self-play game 13/25 - 17 moves
  Self-play game 14/25 - 18 moves
  Self-play game 15/25 - 57 moves
  Self-play game 16/25 - 31 moves
  Self-play game 17/25 - 99 moves
  Self-play game 18/25 - 63 moves
  Self-play game 19/25 - 42 moves
  Self-play game 20/25 - 41 moves
  Self-play game 21/25 - 5 moves
  Self-play game 22/25 - 28 moves
  Self-play game 23/25 - 39 moves
  Self-play game 24/25 - 52 moves
  Self-play game 25/25 - 61 moves
  Collected 1044 samples (avg game length: 41.8)
  Illegal-argmax rate: 21.17%, mean illegal mass: 0.2639
  Self-play time: 149.6s
  Skipped 4 drawn games, keeping 851/1044 samples
  Replay buffer: 40684/50000 samples
Training phase:
    Epoch 1/3 - loss: 0.9345 (policy: 0.8328, value: 0.4068)
    Epoch 2/3 - loss: 0.9326 (policy: 0.8300, value: 0.4103)
    Epoch 3/3 - loss: 0.9244 (policy: 0.8218, value: 0.4101)
  Training time: 15.8s
Gating phase:
  Challenger: 3W-7L-10D (win rate 40.00%, threshold 55%)
  -> Champion retained
  Gating time: 275.7s
Saved checkpoint: results/sgd_gate_run/model_iter_54.pt
  Iteration total: 446.5s

============================================================
Iteration 55/199
============================================================
Self-play phase:
  Self-play game 1/25 - 117 moves
  Self-play game 2/25 - 95 moves
  Self-play game 3/25 - 79 moves
  Self-play game 4/25 - 40 moves
  Self-play game 5/25 - 19 moves
  Self-play game 6/25 - 8 moves
  Self-play game 7/25 - 12 moves
  Self-play game 8/25 - 97 moves
  Self-play game 9/25 - 27 moves
  Self-play game 10/25 - 41 moves
  Self-play game 11/25 - 59 moves
  Self-play game 12/25 - 68 moves
  Self-play game 13/25 - 32 moves
  Self-play game 14/25 - 65 moves
  Self-play game 15/25 - 16 moves
  Self-play game 16/25 - 29 moves
  Self-play game 17/25 - 56 moves
  Self-play game 18/25 - 26 moves
  Self-play game 19/25 - 26 moves
  Self-play game 20/25 - 20 moves
  Self-play game 21/25 - 25 moves
  Self-play game 22/25 - 97 moves
  Self-play game 23/25 - 46 moves
  Self-play game 24/25 - 72 moves
  Self-play game 25/25 - 126 moves
  Collected 1298 samples (avg game length: 51.9)
  Illegal-argmax rate: 19.80%, mean illegal mass: 0.2562
  Self-play time: 183.6s
  Skipped 6 drawn games, keeping 848/1298 samples
  Replay buffer: 41532/50000 samples
Training phase:
    Epoch 1/3 - loss: 0.9787 (policy: 0.8745, value: 0.4168)
    Epoch 2/3 - loss: 0.9538 (policy: 0.8510, value: 0.4111)
    Epoch 3/3 - loss: 0.9138 (policy: 0.8108, value: 0.4123)
  Training time: 16.3s
Gating phase:
  Challenger: 7W-3L-10D (win rate 60.00%, threshold 55%)
  -> Challenger PROMOTED to best_model
  Gating time: 276.8s
Saved checkpoint: results/sgd_gate_run/model_iter_55.pt
  Iteration total: 482.0s

============================================================
Iteration 56/199
============================================================
Self-play phase:
  Self-play game 1/25 - 47 moves
  Self-play game 2/25 - 83 moves
  Self-play game 3/25 - 32 moves
  Self-play game 4/25 - 84 moves
  Self-play game 5/25 - 60 moves
  Self-play game 6/25 - 30 moves
  Self-play game 7/25 - 57 moves
  Self-play game 8/25 - 10 moves
  Self-play game 9/25 - 18 moves
  Self-play game 10/25 - 44 moves
  Self-play game 11/25 - 50 moves
  Self-play game 12/25 - 35 moves
  Self-play game 13/25 - 35 moves
  Self-play game 14/25 - 30 moves
  Self-play game 15/25 - 62 moves
  Self-play game 16/25 - 63 moves
  Self-play game 17/25 - 109 moves
  Self-play game 18/25 - 16 moves
  Self-play game 19/25 - 27 moves
  Self-play game 20/25 - 57 moves
  Self-play game 21/25 - 43 moves
  Self-play game 22/25 - 7 moves
  Self-play game 23/25 - 14 moves
  Self-play game 24/25 - 65 moves
  Self-play game 25/25 - 72 moves
  Collected 1150 samples (avg game length: 46.0)
  Illegal-argmax rate: 26.00%, mean illegal mass: 0.3130
  Self-play time: 168.5s
  Skipped 4 drawn games, keeping 889/1150 samples
  Replay buffer: 42421/50000 samples
Training phase:
    Epoch 1/3 - loss: 0.9576 (policy: 0.8539, value: 0.4145)
    Epoch 2/3 - loss: 0.9524 (policy: 0.8486, value: 0.4151)
    Epoch 3/3 - loss: 0.9486 (policy: 0.8451, value: 0.4139)
  Training time: 15.8s
Gating phase:
  Challenger: 4W-3L-13D (win rate 52.50%, threshold 55%)
  -> Champion retained
  Gating time: 310.5s
Saved checkpoint: results/sgd_gate_run/model_iter_56.pt
  Iteration total: 500.6s

============================================================
Iteration 57/199
============================================================
Self-play phase:
  Self-play game 1/25 - 15 moves
  Self-play game 2/25 - 87 moves
  Self-play game 3/25 - 87 moves
  Self-play game 4/25 - 32 moves
  Self-play game 5/25 - 16 moves
  Self-play game 6/25 - 73 moves
  Self-play game 7/25 - 45 moves
  Self-play game 8/25 - 87 moves
  Self-play game 9/25 - 51 moves
  Self-play game 10/25 - 15 moves
  Self-play game 11/25 - 39 moves
  Self-play game 12/25 - 29 moves
  Self-play game 13/25 - 64 moves
  Self-play game 14/25 - 12 moves
  Self-play game 15/25 - 79 moves
  Self-play game 16/25 - 30 moves
  Self-play game 17/25 - 26 moves
  Self-play game 18/25 - 47 moves
  Self-play game 19/25 - 80 moves
  Self-play game 20/25 - 61 moves
  Self-play game 21/25 - 17 moves
  Self-play game 22/25 - 38 moves
  Self-play game 23/25 - 59 moves
  Self-play game 24/25 - 88 moves
  Self-play game 25/25 - 35 moves
  Collected 1212 samples (avg game length: 48.5)
  Illegal-argmax rate: 23.35%, mean illegal mass: 0.2896
  Self-play time: 175.3s
  Skipped 4 drawn games, keeping 972/1212 samples
  Replay buffer: 43393/50000 samples
Training phase:
    Epoch 1/3 - loss: 0.9760 (policy: 0.8721, value: 0.4157)
    Epoch 2/3 - loss: 0.9630 (policy: 0.8579, value: 0.4204)
    Epoch 3/3 - loss: 0.9577 (policy: 0.8525, value: 0.4209)
  Training time: 16.3s
Gating phase:
  Challenger: 5W-4L-11D (win rate 52.50%, threshold 55%)
  -> Champion retained
  Gating time: 362.1s
Saved checkpoint: results/sgd_gate_run/model_iter_57.pt
  Iteration total: 559.4s

============================================================
Iteration 58/199
============================================================
Self-play phase:
  Self-play game 1/25 - 66 moves
  Self-play game 2/25 - 67 moves
  Self-play game 3/25 - 52 moves
  Self-play game 4/25 - 62 moves
  Self-play game 5/25 - 41 moves
  Self-play game 6/25 - 32 moves
  Self-play game 7/25 - 72 moves
  Self-play game 8/25 - 23 moves
  Self-play game 9/25 - 16 moves
  Self-play game 10/25 - 29 moves
  Self-play game 11/25 - 65 moves
  Self-play game 12/25 - 30 moves
  Self-play game 13/25 - 21 moves
  Self-play game 14/25 - 14 moves
  Self-play game 15/25 - 104 moves
  Self-play game 16/25 - 43 moves
  Self-play game 17/25 - 46 moves
  Self-play game 18/25 - 11 moves
  Self-play game 19/25 - 48 moves
  Self-play game 20/25 - 38 moves
  Self-play game 21/25 - 67 moves
  Self-play game 22/25 - 41 moves
  Self-play game 23/25 - 8 moves
  Self-play game 24/25 - 73 moves
  Self-play game 25/25 - 49 moves
  Collected 1118 samples (avg game length: 44.7)
  Illegal-argmax rate: 20.30%, mean illegal mass: 0.2707
  Self-play time: 169.8s
  Skipped 6 drawn games, keeping 745/1118 samples
  Replay buffer: 44138/50000 samples
Training phase:
    Epoch 1/3 - loss: 0.9617 (policy: 0.8566, value: 0.4207)
    Epoch 2/3 - loss: 0.9551 (policy: 0.8492, value: 0.4236)
    Epoch 3/3 - loss: 0.9291 (policy: 0.8246, value: 0.4179)
  Training time: 17.0s
Gating phase:
  Challenger: 7W-3L-10D (win rate 60.00%, threshold 55%)
  -> Challenger PROMOTED to best_model
  Gating time: 341.8s
Saved checkpoint: results/sgd_gate_run/model_iter_58.pt
  Iteration total: 534.4s

============================================================
Iteration 59/199
============================================================
Self-play phase:
  Self-play game 1/25 - 31 moves
  Self-play game 2/25 - 11 moves
  Self-play game 3/25 - 31 moves
  Self-play game 4/25 - 104 moves
  Self-play game 5/25 - 25 moves
  Self-play game 6/25 - 21 moves
  Self-play game 7/25 - 33 moves
  Self-play game 8/25 - 29 moves
  Self-play game 9/25 - 61 moves
  Self-play game 10/25 - 28 moves
  Self-play game 11/25 - 43 moves
  Self-play game 12/25 - 21 moves
  Self-play game 13/25 - 19 moves
  Self-play game 14/25 - 30 moves
  Self-play game 15/25 - 34 moves
  Self-play game 16/25 - 8 moves
  Self-play game 17/25 - 24 moves
  Self-play game 18/25 - 17 moves
  Self-play game 19/25 - 59 moves
  Self-play game 20/25 - 27 moves
  Self-play game 21/25 - 61 moves
  Self-play game 22/25 - 113 moves
  Self-play game 23/25 - 61 moves
  Self-play game 24/25 - 46 moves
  Self-play game 25/25 - 15 moves
  Collected 952 samples (avg game length: 38.1)
  Illegal-argmax rate: 21.43%, mean illegal mass: 0.2755
  Self-play time: 142.4s
  Skipped 4 drawn games, keeping 800/952 samples
  Replay buffer: 44938/50000 samples
Training phase:
    Epoch 1/3 - loss: 0.9517 (policy: 0.8467, value: 0.4203)
    Epoch 2/3 - loss: 0.9371 (policy: 0.8318, value: 0.4213)
    Epoch 3/3 - loss: 0.9389 (policy: 0.8339, value: 0.4201)
  Training time: 17.0s
Gating phase:
  Challenger: 4W-4L-12D (win rate 50.00%, threshold 55%)
  -> Champion retained
  Gating time: 415.3s
Saved checkpoint: results/sgd_gate_run/model_iter_59.pt
  Iteration total: 580.7s

============================================================
Iteration 60/199
============================================================
Self-play phase:
  Self-play game 1/25 - 62 moves
  Self-play game 2/25 - 51 moves
  Self-play game 3/25 - 36 moves
  Self-play game 4/25 - 50 moves
  Self-play game 5/25 - 35 moves
  Self-play game 6/25 - 119 moves
  Self-play game 7/25 - 40 moves
  Self-play game 8/25 - 77 moves
  Self-play game 9/25 - 44 moves
  Self-play game 10/25 - 51 moves
  Self-play game 11/25 - 32 moves
  Self-play game 12/25 - 17 moves
  Self-play game 13/25 - 54 moves
  Self-play game 14/25 - 10 moves
  Self-play game 15/25 - 24 moves
  Self-play game 16/25 - 57 moves
  Self-play game 17/25 - 12 moves
  Self-play game 18/25 - 62 moves
  Self-play game 19/25 - 72 moves
  Self-play game 20/25 - 28 moves
  Self-play game 21/25 - 37 moves
  Self-play game 22/25 - 15 moves
  Self-play game 23/25 - 30 moves
  Self-play game 24/25 - 27 moves
  Self-play game 25/25 - 76 moves
  Collected 1118 samples (avg game length: 44.7)
  Illegal-argmax rate: 21.47%, mean illegal mass: 0.2738
  Self-play time: 159.9s
  Skipped 1 drawn games, keeping 1042/1118 samples
  Replay buffer: 45980/50000 samples
Training phase:
    Epoch 1/3 - loss: 0.9674 (policy: 0.8602, value: 0.4288)
    Epoch 2/3 - loss: 0.9495 (policy: 0.8431, value: 0.4256)
    Epoch 3/3 - loss: 0.9439 (policy: 0.8387, value: 0.4208)
  Training time: 18.1s
Gating phase:
  Challenger: 3W-1L-16D (win rate 55.00%, threshold 55%)
  -> Challenger PROMOTED to best_model
  Gating time: 489.7s
Saved checkpoint: results/sgd_gate_run/model_iter_60.pt
  Iteration total: 673.5s

============================================================
Iteration 61/199
============================================================
Self-play phase:
  Self-play game 1/25 - 45 moves
  Self-play game 2/25 - 13 moves
  Self-play game 3/25 - 64 moves
  Self-play game 4/25 - 28 moves
  Self-play game 5/25 - 18 moves
  Self-play game 6/25 - 96 moves
  Self-play game 7/25 - 16 moves
  Self-play game 8/25 - 66 moves
  Self-play game 9/25 - 100 moves
  Self-play game 10/25 - 49 moves
  Self-play game 11/25 - 12 moves
  Self-play game 12/25 - 52 moves
  Self-play game 13/25 - 31 moves
  Self-play game 14/25 - 105 moves
  Self-play game 15/25 - 26 moves
  Self-play game 16/25 - 12 moves
  Self-play game 17/25 - 55 moves
  Self-play game 18/25 - 90 moves
  Self-play game 19/25 - 19 moves
  Self-play game 20/25 - 23 moves
  Self-play game 21/25 - 35 moves
  Self-play game 22/25 - 94 moves
  Self-play game 23/25 - 31 moves
  Self-play game 24/25 - 18 moves
  Self-play game 25/25 - 31 moves
  Collected 1129 samples (avg game length: 45.2)
  Illegal-argmax rate: 22.23%, mean illegal mass: 0.2735
  Self-play time: 158.9s
  Skipped 8 drawn games, keeping 657/1129 samples
  Replay buffer: 46637/50000 samples
Training phase:
    Epoch 1/3 - loss: 0.9482 (policy: 0.8431, value: 0.4206)
    Epoch 2/3 - loss: 0.9471 (policy: 0.8417, value: 0.4219)
    Epoch 3/3 - loss: 0.9247 (policy: 0.8203, value: 0.4176)
  Training time: 18.0s
Gating phase:
  Challenger: 5W-5L-10D (win rate 50.00%, threshold 55%)
  -> Champion retained
  Gating time: 350.6s
Saved checkpoint: results/sgd_gate_run/model_iter_61.pt
  Iteration total: 533.7s

============================================================
Iteration 62/199
============================================================
Self-play phase:
  Self-play game 1/25 - 37 moves
  Self-play game 2/25 - 71 moves
  Self-play game 3/25 - 69 moves
  Self-play game 4/25 - 76 moves
  Self-play game 5/25 - 56 moves
  Self-play game 6/25 - 11 moves
  Self-play game 7/25 - 63 moves
  Self-play game 8/25 - 43 moves
  Self-play game 9/25 - 35 moves
  Self-play game 10/25 - 29 moves
  Self-play game 11/25 - 33 moves
  Self-play game 12/25 - 92 moves
  Self-play game 13/25 - 53 moves
  Self-play game 14/25 - 23 moves
  Self-play game 15/25 - 68 moves
  Self-play game 16/25 - 30 moves
  Self-play game 17/25 - 73 moves
  Self-play game 18/25 - 86 moves
  Self-play game 19/25 - 44 moves
  Self-play game 20/25 - 35 moves
  Self-play game 21/25 - 50 moves
  Self-play game 22/25 - 42 moves
  Self-play game 23/25 - 75 moves
  Self-play game 24/25 - 32 moves
  Self-play game 25/25 - 35 moves
  Collected 1261 samples (avg game length: 50.4)
  Illegal-argmax rate: 20.94%, mean illegal mass: 0.2653
  Self-play time: 181.0s
  Skipped 9 drawn games, keeping 790/1261 samples
  Replay buffer: 47427/50000 samples
Training phase:
    Epoch 1/3 - loss: 0.9402 (policy: 0.8343, value: 0.4235)
    Epoch 2/3 - loss: 0.9275 (policy: 0.8218, value: 0.4227)
    Epoch 3/3 - loss: 0.9215 (policy: 0.8155, value: 0.4242)
  Training time: 17.9s
Gating phase:
  Challenger: 3W-5L-12D (win rate 45.00%, threshold 55%)
  -> Champion retained
  Gating time: 366.2s
Saved checkpoint: results/sgd_gate_run/model_iter_62.pt
  Iteration total: 571.1s

============================================================
Iteration 63/199
============================================================
Self-play phase:
  Self-play game 1/25 - 30 moves
  Self-play game 2/25 - 106 moves
  Self-play game 3/25 - 29 moves
  Self-play game 4/25 - 31 moves
  Self-play game 5/25 - 19 moves
  Self-play game 6/25 - 23 moves
  Self-play game 7/25 - 36 moves
  Self-play game 8/25 - 103 moves
  Self-play game 9/25 - 37 moves
  Self-play game 10/25 - 90 moves
  Self-play game 11/25 - 22 moves
  Self-play game 12/25 - 16 moves
  Self-play game 13/25 - 54 moves
  Self-play game 14/25 - 46 moves
  Self-play game 15/25 - 49 moves
  Self-play game 16/25 - 19 moves
  Self-play game 17/25 - 44 moves
  Self-play game 18/25 - 80 moves
  Self-play game 19/25 - 34 moves
  Self-play game 20/25 - 15 moves
  Self-play game 21/25 - 55 moves
  Self-play game 22/25 - 14 moves
  Self-play game 23/25 - 65 moves
  Self-play game 24/25 - 27 moves
  Self-play game 25/25 - 46 moves
  Collected 1090 samples (avg game length: 43.6)
  Illegal-argmax rate: 21.65%, mean illegal mass: 0.2557
  Self-play time: 149.0s
  Skipped 5 drawn games, keeping 792/1090 samples
  Replay buffer: 48219/50000 samples
Training phase:
    Epoch 1/3 - loss: 0.9477 (policy: 0.8415, value: 0.4246)
    Epoch 2/3 - loss: 0.9304 (policy: 0.8249, value: 0.4217)
    Epoch 3/3 - loss: 0.9263 (policy: 0.8216, value: 0.4188)
  Training time: 18.8s
Gating phase:
  Challenger: 1W-6L-13D (win rate 37.50%, threshold 55%)
  -> Champion retained
  Gating time: 365.4s
Saved checkpoint: results/sgd_gate_run/model_iter_63.pt
  Iteration total: 539.7s

============================================================
Iteration 64/199
============================================================
Self-play phase:
  Self-play game 1/25 - 70 moves
  Self-play game 2/25 - 82 moves
  Self-play game 3/25 - 66 moves
  Self-play game 4/25 - 79 moves
  Self-play game 5/25 - 27 moves
  Self-play game 6/25 - 38 moves
  Self-play game 7/25 - 79 moves
  Self-play game 8/25 - 21 moves
  Self-play game 9/25 - 92 moves
  Self-play game 10/25 - 46 moves
  Self-play game 11/25 - 40 moves
  Self-play game 12/25 - 81 moves
  Self-play game 13/25 - 75 moves
  Self-play game 14/25 - 88 moves
  Self-play game 15/25 - 70 moves
  Self-play game 16/25 - 69 moves
  Self-play game 17/25 - 43 moves
  Self-play game 18/25 - 95 moves
  Self-play game 19/25 - 57 moves
  Self-play game 20/25 - 18 moves
  Self-play game 21/25 - 7 moves
  Self-play game 22/25 - 48 moves
  Self-play game 23/25 - 53 moves
  Self-play game 24/25 - 43 moves
  Self-play game 25/25 - 28 moves
  Collected 1415 samples (avg game length: 56.6)
  Illegal-argmax rate: 20.21%, mean illegal mass: 0.2469
  Self-play time: 199.6s
  Skipped 7 drawn games, keeping 917/1415 samples
  Replay buffer: 49136/50000 samples
Training phase:
    Epoch 1/3 - loss: 0.9915 (policy: 0.8844, value: 0.4285)
    Epoch 2/3 - loss: 0.9537 (policy: 0.8477, value: 0.4240)
    Epoch 3/3 - loss: 0.9425 (policy: 0.8357, value: 0.4271)
  Training time: 19.4s
Gating phase:
  Challenger: 2W-9L-9D (win rate 32.50%, threshold 55%)
  -> Champion retained
  Gating time: 254.4s
Saved checkpoint: results/sgd_gate_run/model_iter_64.pt
  Iteration total: 480.0s

============================================================
Iteration 65/199
============================================================
Self-play phase:
  Self-play game 1/25 - 22 moves
  Self-play game 2/25 - 48 moves
  Self-play game 3/25 - 47 moves
  Self-play game 4/25 - 26 moves
  Self-play game 5/25 - 39 moves
  Self-play game 6/25 - 24 moves
  Self-play game 7/25 - 61 moves
  Self-play game 8/25 - 8 moves
  Self-play game 9/25 - 11 moves
  Self-play game 10/25 - 61 moves
  Self-play game 11/25 - 89 moves
  Self-play game 12/25 - 59 moves
  Self-play game 13/25 - 15 moves
  Self-play game 14/25 - 38 moves
  Self-play game 15/25 - 41 moves
  Self-play game 16/25 - 40 moves
  Self-play game 17/25 - 70 moves
  Self-play game 18/25 - 22 moves
  Self-play game 19/25 - 28 moves
  Self-play game 20/25 - 10 moves
  Self-play game 21/25 - 14 moves
  Self-play game 22/25 - 61 moves
  Self-play game 23/25 - 42 moves
  Self-play game 24/25 - 12 moves
  Self-play game 25/25 - 17 moves
  Collected 905 samples (avg game length: 36.2)
  Illegal-argmax rate: 17.90%, mean illegal mass: 0.2248
  Self-play time: 132.1s
  Skipped 4 drawn games, keeping 689/905 samples
  Replay buffer: 49825/50000 samples
Training phase:
    Epoch 1/3 - loss: 0.9382 (policy: 0.8304, value: 0.4311)
    Epoch 2/3 - loss: 0.9141 (policy: 0.8076, value: 0.4260)
    Epoch 3/3 - loss: 0.9100 (policy: 0.8045, value: 0.4221)
  Training time: 19.8s
Gating phase:
  Challenger: 2W-2L-16D (win rate 50.00%, threshold 55%)
  -> Champion retained
  Gating time: 355.3s
Saved checkpoint: results/sgd_gate_run/model_iter_65.pt
  Iteration total: 513.9s

============================================================
Iteration 66/199
============================================================
Self-play phase:
  Self-play game 1/25 - 132 moves
  Self-play game 2/25 - 68 moves
  Self-play game 3/25 - 17 moves
  Self-play game 4/25 - 23 moves
  Self-play game 5/25 - 73 moves
  Self-play game 6/25 - 89 moves
  Self-play game 7/25 - 79 moves
  Self-play game 8/25 - 32 moves
  Self-play game 9/25 - 96 moves
  Self-play game 10/25 - 65 moves
  Self-play game 11/25 - 9 moves
  Self-play game 12/25 - 33 moves
  Self-play game 13/25 - 63 moves
  Self-play game 14/25 - 58 moves
  Self-play game 15/25 - 44 moves
  Self-play game 16/25 - 21 moves
  Self-play game 17/25 - 25 moves
  Self-play game 18/25 - 25 moves
  Self-play game 19/25 - 79 moves
  Self-play game 20/25 - 58 moves
  Self-play game 21/25 - 30 moves
  Self-play game 22/25 - 21 moves
  Self-play game 23/25 - 32 moves
  Self-play game 24/25 - 64 moves
  Self-play game 25/25 - 17 moves
  Collected 1253 samples (avg game length: 50.1)
  Illegal-argmax rate: 23.38%, mean illegal mass: 0.2870
  Self-play time: 180.5s
  Skipped 4 drawn games, keeping 921/1253 samples
  Replay buffer: 50000/50000 samples
Training phase:
    Epoch 1/3 - loss: 0.9428 (policy: 0.8348, value: 0.4321)
    Epoch 2/3 - loss: 0.9595 (policy: 0.8497, value: 0.4390)
    Epoch 3/3 - loss: 0.9206 (policy: 0.8122, value: 0.4333)
  Training time: 19.5s
Gating phase:
  Challenger: 4W-6L-10D (win rate 45.00%, threshold 55%)
  -> Champion retained
  Gating time: 388.4s
Saved checkpoint: results/sgd_gate_run/model_iter_66.pt
  Iteration total: 595.2s

============================================================
Iteration 67/199
============================================================
Self-play phase:
  Self-play game 1/25 - 55 moves
  Self-play game 2/25 - 9 moves
  Self-play game 3/25 - 38 moves
  Self-play game 4/25 - 32 moves
  Self-play game 5/25 - 13 moves
  Self-play game 6/25 - 31 moves
  Self-play game 7/25 - 15 moves
  Self-play game 8/25 - 57 moves
  Self-play game 9/25 - 107 moves
  Self-play game 10/25 - 21 moves
  Self-play game 11/25 - 101 moves
  Self-play game 12/25 - 14 moves
  Self-play game 13/25 - 65 moves
  Self-play game 14/25 - 96 moves
  Self-play game 15/25 - 36 moves
  Self-play game 16/25 - 49 moves
  Self-play game 17/25 - 79 moves
  Self-play game 18/25 - 123 moves
  Self-play game 19/25 - 26 moves
  Self-play game 20/25 - 98 moves
  Self-play game 21/25 - 61 moves
  Self-play game 22/25 - 10 moves
  Self-play game 23/25 - 21 moves
  Self-play game 24/25 - 16 moves
  Self-play game 25/25 - 79 moves
  Collected 1252 samples (avg game length: 50.1)
  Illegal-argmax rate: 18.77%, mean illegal mass: 0.2365
  Self-play time: 173.7s
  Skipped 5 drawn games, keeping 905/1252 samples
  Replay buffer: 50000/50000 samples
Training phase:
    Epoch 1/3 - loss: 0.9676 (policy: 0.8595, value: 0.4323)
    Epoch 2/3 - loss: 0.9318 (policy: 0.8238, value: 0.4321)
    Epoch 3/3 - loss: 0.9203 (policy: 0.8125, value: 0.4311)
  Training time: 19.8s
Gating phase:
  Challenger: 2W-2L-16D (win rate 50.00%, threshold 55%)
  -> Champion retained
  Gating time: 447.0s
Saved checkpoint: results/sgd_gate_run/model_iter_67.pt
  Iteration total: 647.1s

============================================================
Iteration 68/199
============================================================
Self-play phase:
  Self-play game 1/25 - 88 moves
  Self-play game 2/25 - 77 moves
  Self-play game 3/25 - 49 moves
  Self-play game 4/25 - 55 moves
  Self-play game 5/25 - 89 moves
  Self-play game 6/25 - 12 moves
  Self-play game 7/25 - 83 moves
  Self-play game 8/25 - 60 moves
  Self-play game 9/25 - 13 moves
  Self-play game 10/25 - 73 moves
  Self-play game 11/25 - 84 moves
  Self-play game 12/25 - 64 moves
  Self-play game 13/25 - 69 moves
  Self-play game 14/25 - 10 moves
  Self-play game 15/25 - 69 moves
  Self-play game 16/25 - 35 moves
  Self-play game 17/25 - 11 moves
  Self-play game 18/25 - 59 moves
  Self-play game 19/25 - 52 moves
  Self-play game 20/25 - 15 moves
  Self-play game 21/25 - 21 moves
  Self-play game 22/25 - 12 moves
  Self-play game 23/25 - 52 moves
  Self-play game 24/25 - 48 moves
  Self-play game 25/25 - 35 moves
  Collected 1235 samples (avg game length: 49.4)
  Illegal-argmax rate: 21.54%, mean illegal mass: 0.2601
  Self-play time: 181.1s
  Skipped 3 drawn games, keeping 1038/1235 samples
  Replay buffer: 50000/50000 samples
Training phase:
    Epoch 1/3 - loss: 0.9626 (policy: 0.8544, value: 0.4324)
    Epoch 2/3 - loss: 0.9250 (policy: 0.8165, value: 0.4344)
    Epoch 3/3 - loss: 0.9019 (policy: 0.7950, value: 0.4278)
  Training time: 19.6s
Gating phase:
  Challenger: 5W-1L-14D (win rate 60.00%, threshold 55%)
  -> Challenger PROMOTED to best_model
  Gating time: 345.1s
Saved checkpoint: results/sgd_gate_run/model_iter_68.pt
  Iteration total: 552.5s

============================================================
Iteration 69/199
============================================================
Self-play phase:
  Self-play game 1/25 - 69 moves
  Self-play game 2/25 - 28 moves
  Self-play game 3/25 - 18 moves
  Self-play game 4/25 - 83 moves
  Self-play game 5/25 - 70 moves
  Self-play game 6/25 - 20 moves
  Self-play game 7/25 - 55 moves
  Self-play game 8/25 - 21 moves
  Self-play game 9/25 - 63 moves
  Self-play game 10/25 - 14 moves
  Self-play game 11/25 - 16 moves
  Self-play game 12/25 - 107 moves
  Self-play game 13/25 - 83 moves
  Self-play game 14/25 - 7 moves
  Self-play game 15/25 - 11 moves
  Self-play game 16/25 - 51 moves
  Self-play game 17/25 - 41 moves
  Self-play game 18/25 - 43 moves
  Self-play game 19/25 - 15 moves
  Self-play game 20/25 - 50 moves
  Self-play game 21/25 - 67 moves
  Self-play game 22/25 - 71 moves
  Self-play game 23/25 - 36 moves
  Self-play game 24/25 - 18 moves
  Self-play game 25/25 - 21 moves
  Collected 1078 samples (avg game length: 43.1)
  Illegal-argmax rate: 16.88%, mean illegal mass: 0.2238
  Self-play time: 166.1s
  Skipped 4 drawn games, keeping 794/1078 samples
  Replay buffer: 50000/50000 samples
Training phase:
    Epoch 1/3 - loss: 0.9288 (policy: 0.8198, value: 0.4362)
    Epoch 2/3 - loss: 0.9324 (policy: 0.8248, value: 0.4306)
    Epoch 3/3 - loss: 0.8934 (policy: 0.7866, value: 0.4274)
  Training time: 19.7s
Gating phase:
  Challenger: 1W-3L-16D (win rate 45.00%, threshold 55%)
  -> Champion retained
  Gating time: 400.5s
Saved checkpoint: results/sgd_gate_run/model_iter_69.pt
  Iteration total: 593.0s

============================================================
Iteration 70/199
============================================================
Self-play phase:
  Self-play game 1/25 - 19 moves
  Self-play game 2/25 - 49 moves
  Self-play game 3/25 - 50 moves
  Self-play game 4/25 - 11 moves
  Self-play game 5/25 - 58 moves
  Self-play game 6/25 - 11 moves
  Self-play game 7/25 - 49 moves
  Self-play game 8/25 - 19 moves
  Self-play game 9/25 - 115 moves
  Self-play game 10/25 - 22 moves
  Self-play game 11/25 - 52 moves
  Self-play game 12/25 - 17 moves
  Self-play game 13/25 - 8 moves
  Self-play game 14/25 - 13 moves
  Self-play game 15/25 - 62 moves
  Self-play game 16/25 - 64 moves
  Self-play game 17/25 - 22 moves
  Self-play game 18/25 - 37 moves
  Self-play game 19/25 - 69 moves
  Self-play game 20/25 - 33 moves
  Self-play game 21/25 - 97 moves
  Self-play game 22/25 - 77 moves
  Self-play game 23/25 - 20 moves
  Self-play game 24/25 - 14 moves
  Self-play game 25/25 - 54 moves
  Collected 1042 samples (avg game length: 41.7)
  Illegal-argmax rate: 17.27%, mean illegal mass: 0.2362
  Self-play time: 155.8s
  Skipped 2 drawn games, keeping 941/1042 samples
  Replay buffer: 50000/50000 samples
Training phase:
    Epoch 1/3 - loss: 0.9229 (policy: 0.8140, value: 0.4357)
    Epoch 2/3 - loss: 0.9336 (policy: 0.8254, value: 0.4329)
    Epoch 3/3 - loss: 0.9209 (policy: 0.8112, value: 0.4385)
  Training time: 19.6s
Gating phase:
  Challenger: 3W-2L-15D (win rate 52.50%, threshold 55%)
  -> Champion retained
  Gating time: 325.1s
Saved checkpoint: results/sgd_gate_run/model_iter_70.pt
  Iteration total: 506.9s

============================================================
Iteration 71/199
============================================================
Self-play phase:
  Self-play game 1/25 - 32 moves
  Self-play game 2/25 - 66 moves
  Self-play game 3/25 - 14 moves
  Self-play game 4/25 - 13 moves
  Self-play game 5/25 - 8 moves
  Self-play game 6/25 - 70 moves
  Self-play game 7/25 - 59 moves
  Self-play game 8/25 - 34 moves
  Self-play game 9/25 - 70 moves
  Self-play game 10/25 - 42 moves
  Self-play game 11/25 - 18 moves
  Self-play game 12/25 - 35 moves
  Self-play game 13/25 - 109 moves
  Self-play game 14/25 - 78 moves
  Self-play game 15/25 - 54 moves
  Self-play game 16/25 - 21 moves
  Self-play game 17/25 - 90 moves
  Self-play game 18/25 - 43 moves
  Self-play game 19/25 - 91 moves
  Self-play game 20/25 - 50 moves
  Self-play game 21/25 - 19 moves
  Self-play game 22/25 - 20 moves
  Self-play game 23/25 - 67 moves
  Self-play game 24/25 - 42 moves
  Self-play game 25/25 - 49 moves
  Collected 1194 samples (avg game length: 47.8)
  Illegal-argmax rate: 19.35%, mean illegal mass: 0.2536
  Self-play time: 176.0s
  Skipped 5 drawn games, keeping 939/1194 samples
  Replay buffer: 50000/50000 samples
Training phase:
    Epoch 1/3 - loss: 0.9278 (policy: 0.8198, value: 0.4319)
    Epoch 2/3 - loss: 0.9095 (policy: 0.8009, value: 0.4342)
    Epoch 3/3 - loss: 0.8981 (policy: 0.7900, value: 0.4326)
  Training time: 19.6s
Gating phase:
  Challenger: 7W-2L-11D (win rate 62.50%, threshold 55%)
  -> Challenger PROMOTED to best_model
  Gating time: 325.9s
Saved checkpoint: results/sgd_gate_run/model_iter_71.pt
  Iteration total: 528.2s

============================================================
Iteration 72/199
============================================================
Self-play phase:
  Self-play game 1/25 - 42 moves
  Self-play game 2/25 - 69 moves
  Self-play game 3/25 - 47 moves
  Self-play game 4/25 - 19 moves
  Self-play game 5/25 - 110 moves
  Self-play game 6/25 - 32 moves
  Self-play game 7/25 - 23 moves
  Self-play game 8/25 - 64 moves
  Self-play game 9/25 - 69 moves
  Self-play game 10/25 - 43 moves
  Self-play game 11/25 - 9 moves
  Self-play game 12/25 - 64 moves
  Self-play game 13/25 - 6 moves
  Self-play game 14/25 - 38 moves
  Self-play game 15/25 - 40 moves
  Self-play game 16/25 - 57 moves
  Self-play game 17/25 - 75 moves
  Self-play game 18/25 - 45 moves
  Self-play game 19/25 - 9 moves
  Self-play game 20/25 - 68 moves
  Self-play game 21/25 - 24 moves
  Self-play game 22/25 - 123 moves
  Self-play game 23/25 - 123 moves
  Self-play game 24/25 - 35 moves
  Self-play game 25/25 - 49 moves
  Collected 1283 samples (avg game length: 51.3)
  Illegal-argmax rate: 23.23%, mean illegal mass: 0.2873
  Self-play time: 183.8s
  Skipped 3 drawn games, keeping 1107/1283 samples
  Replay buffer: 50000/50000 samples
Training phase:
    Epoch 1/3 - loss: 0.9243 (policy: 0.8168, value: 0.4302)
    Epoch 2/3 - loss: 0.9360 (policy: 0.8282, value: 0.4311)
    Epoch 3/3 - loss: 0.8887 (policy: 0.7812, value: 0.4301)
  Training time: 19.7s
Gating phase:
  Challenger: 1W-4L-15D (win rate 42.50%, threshold 55%)
  -> Champion retained
  Gating time: 333.9s
Saved checkpoint: results/sgd_gate_run/model_iter_72.pt
  Iteration total: 543.7s

============================================================
Iteration 73/199
============================================================
Self-play phase:
  Self-play game 1/25 - 55 moves
  Self-play game 2/25 - 38 moves
  Self-play game 3/25 - 41 moves
  Self-play game 4/25 - 27 moves
  Self-play game 5/25 - 11 moves
  Self-play game 6/25 - 33 moves
  Self-play game 7/25 - 11 moves
  Self-play game 8/25 - 19 moves
  Self-play game 9/25 - 45 moves
  Self-play game 10/25 - 20 moves
  Self-play game 11/25 - 21 moves
  Self-play game 12/25 - 54 moves
  Self-play game 13/25 - 16 moves
  Self-play game 14/25 - 74 moves
  Self-play game 15/25 - 35 moves
  Self-play game 16/25 - 17 moves
  Self-play game 17/25 - 84 moves
  Self-play game 18/25 - 29 moves
  Self-play game 19/25 - 25 moves
  Self-play game 20/25 - 39 moves
  Self-play game 21/25 - 60 moves
  Self-play game 22/25 - 147 moves
  Self-play game 23/25 - 11 moves
  Self-play game 24/25 - 41 moves
  Self-play game 25/25 - 15 moves
  Collected 968 samples (avg game length: 38.7)
  Illegal-argmax rate: 18.80%, mean illegal mass: 0.2457
  Self-play time: 139.5s
  Skipped 2 drawn games, keeping 915/968 samples
  Replay buffer: 50000/50000 samples
Training phase:
    Epoch 1/3 - loss: 0.9102 (policy: 0.8020, value: 0.4329)
    Epoch 2/3 - loss: 0.9200 (policy: 0.8120, value: 0.4319)
    Epoch 3/3 - loss: 0.8812 (policy: 0.7739, value: 0.4289)
  Training time: 19.5s
Gating phase:
  Challenger: 4W-5L-11D (win rate 47.50%, threshold 55%)
  -> Champion retained
  Gating time: 176.0s
Saved checkpoint: results/sgd_gate_run/model_iter_73.pt
  Iteration total: 341.8s

============================================================
Iteration 74/199
============================================================
Self-play phase:
  Self-play game 1/25 - 92 moves
  Self-play game 2/25 - 19 moves
  Self-play game 3/25 - 14 moves
  Self-play game 4/25 - 56 moves
  Self-play game 5/25 - 35 moves
  Self-play game 6/25 - 46 moves
  Self-play game 7/25 - 54 moves
  Self-play game 8/25 - 79 moves
  Self-play game 9/25 - 10 moves
  Self-play game 10/25 - 63 moves
  Self-play game 11/25 - 34 moves
  Self-play game 12/25 - 35 moves
  Self-play game 13/25 - 62 moves
  Self-play game 14/25 - 11 moves
  Self-play game 15/25 - 31 moves
  Self-play game 16/25 - 60 moves
  Self-play game 17/25 - 41 moves
  Self-play game 18/25 - 32 moves
  Self-play game 19/25 - 10 moves
  Self-play game 20/25 - 5 moves
  Self-play game 21/25 - 12 moves
  Self-play game 22/25 - 37 moves
  Self-play game 23/25 - 42 moves
  Self-play game 24/25 - 65 moves
  Self-play game 25/25-bash: results/sgd_gate_run/model_iter_73.pt: Permission denied
Resumed from results/sgd_gate_run/model_iter_73.pt (starting at iteration 74, buffer: 50000 samples)
Device: cuda
Config: {'iterations': 200, 'games_per_iter': 25, 'mcts_sims': 150, 'epochs': 3, 'batch_size': 64, 'lr': 0.01, 'momentum': 0.9, 'lr_milestones': [115, 170], 'weight_decay': 0.0001, 'num_res_blocks': 3, 'num_channels': 32, 'c_puct': 1.0, 'results_dir': 'results/sgd_gate_run', 'buffer_size': 50000, 'draw_keep_ratio': 0.5, 'value_weight': 0.25, 'gate_games': 20, 'gate_threshold': 0.55, 'resume': 'results/sgd_gate_run/model_iter_73.pt'}
Model params: 83,834

============================================================
Iteration 74/199
============================================================
Self-play phase:
  Self-play game 1/25 - 26 moves
  Self-play game 2/25 - 93 moves
  Self-play game 3/25 - 89 moves
  Self-play game 4/25 - 17 moves
  Self-play game 5/25 - 18 moves
  Self-play game 6/25Resumed from results/sgd_gate_run/model_iter_73.pt (starting at iteration 74, buffer: 30000 samples)
Device: cuda
Config: {'iterations': 3000, 'games_per_iter': 25, 'mcts_sims': 150, 'steps_per_iter': 150, 'batch_size': 64, 'lr': 0.01, 'momentum': 0.9, 'lr_milestones': [115, 170], 'weight_decay': 0.0001, 'num_res_blocks': 3, 'num_channels': 32, 'c_puct': 1.0, 'results_dir': 'results/sgd_gate_run', 'buffer_size': 30000, 'draw_keep_ratio': 0.5, 'value_weight': 0.25, 'gate_games': 20, 'gate_threshold': 0.55, 'resume': 'results/sgd_gate_run/model_iter_73.pt'}
Model params: 83,834

============================================================
Iteration 74/2999
============================================================
Self-play phase:
  Self-play game 1/25 - 38 moves
  Self-play game 2/25 - 67 moves
  Self-play game 3/25 - 28 moves
  Self-play game 4/25 - 36 moves
  Self-play game 5/25 - 47 moves
  Self-play game 6/25 - 92 moves
  Self-play game 7/25 - 52 moves
  Self-play game 8/25 - 51 moves
  Self-play game 9/25 - 50 moves
  Self-play game 10/25 - 8 moves
  Self-play game 11/25 - 43 moves
  Self-play game 12/25 - 49 moves
  Self-play game 13/25 - 35 moves
  Self-play game 14/25 - 46 moves
  Self-play game 15/25 - 29 moves
  Self-play game 16/25 - 70 moves
  Self-play game 17/25 - 10 moves
  Self-play game 18/25 - 31 moves
  Self-play game 19/25 - 38 moves
  Self-play game 20/25 - 49 moves
  Self-play game 21/25 - 43 moves
  Self-play game 22/25 - 28 moves
  Self-play game 23/25 - 71 moves
  Self-play game 24/25 - 53 moves
  Self-play game 25/25 - 121 moves
  Collected 1185 samples (avg game length: 47.4)
  Illegal-argmax rate: 19.32%, mean illegal mass: 0.2548
  Self-play time: 166.2s
  Skipped 8 drawn games, keeping 746/1185 samples
  Replay buffer: 30000/30000 samples
Training phase:
    Chunk 1/3 (50 steps) - loss: 0.9192 (policy: 0.8112, value: 0.4318)
    Chunk 2/3 (50 steps) - loss: 0.9743 (policy: 0.8673, value: 0.4278)
    Chunk 3/3 (50 steps) - loss: 1.0301 (policy: 0.9195, value: 0.4421)
  Training time: 2.1s
Gating phase:
  Challenger: 0W-1L-19D (win rate 47.50%, threshold 55%)
  -> Champion retained
  Gating time: 310.2s
Saved checkpoint: results/sgd_gate_run/model_iter_74.pt
  Iteration total: 482.3s

============================================================
Iteration 75/2999
============================================================
Self-play phase:
  Self-play game 1/25 - 50 moves
  Self-play game 2/25 - 17 moves
  Self-play game 3/25 - 45 moves
  Self-play game 4/25 - 23 moves
  Self-play game 5/25 - 88 moves
  Self-play game 6/25 - 43 moves
  Self-play game 7/25 - 78 moves
  Self-play game 8/25 - 72 moves
  Self-play game 9/25 - 78 moves
  Self-play game 10/25 - 95 moves
  Self-play game 11/25 - 62 moves
  Self-play game 12/25 - 62 moves
  Self-play game 13/25 - 24 moves
  Self-play game 14/25 - 46 moves
  Self-play game 15/25 - 70 moves
  Self-play game 16/25 - 55 moves
  Self-play game 17/25 - 90 moves
  Self-play game 18/25 - 25 moves
  Self-play game 19/25 - 15 moves
  Self-play game 20/25 - 28 moves
  Self-play game 21/25 - 49 moves
  Self-play game 22/25 - 95 moves
  Self-play game 23/25 - 35 moves
  Self-play game 24/25 - 30 moves
  Self-play game 25/25 - 75 moves
  Collected 1350 samples (avg game length: 54.0)
  Illegal-argmax rate: 23.33%, mean illegal mass: 0.2878
  Self-play time: 194.1s
  Skipped 4 drawn games, keeping 1080/1350 samples
  Replay buffer: 30000/30000 samples
Training phase:
    Chunk 1/3 (50 steps) - loss: 1.0182 (policy: 0.9107, value: 0.4302)
    Chunk 2/3 (50 steps) - loss: 0.9782 (policy: 0.8685, value: 0.4388)
    Chunk 3/3 (50 steps) - loss: 0.9600 (policy: 0.8508, value: 0.4370)
  Training time: 1.3s
Gating phase:
  Challenger: 0W-3L-17D (win rate 42.50%, threshold 55%)
  -> Champion retained
  Gating time: 218.7s
Saved checkpoint: results/sgd_gate_run/model_iter_75.pt
  Iteration total: 418.0s

============================================================
Iteration 76/2999
============================================================
Self-play phase:
  Self-play game 1/25 - 19 moves
  Self-play game 2/25 - 40 moves
  Self-play game 3/25 - 54 moves
  Self-play game 4/25 - 90 moves
  Self-play game 5/25 - 59 moves
  Self-play game 6/25 - 12 moves
  Self-play game 7/25 - 19 moves
  Self-play game 8/25 - 11 moves
  Self-play game 9/25 - 9 moves
  Self-play game 10/25 - 49 moves
  Self-play game 11/25 - 50 moves
  Self-play game 12/25 - 74 moves
  Self-play game 13/25 - 50 moves
  Self-play game 14/25 - 46 moves
  Self-play game 15/25 - 90 moves
  Self-play game 16/25 - 29 moves
  Self-play game 17/25 - 79 moves
  Self-play game 18/25 - 13 moves
  Self-play game 19/25 - 15 moves
  Self-play game 20/25 - 35 moves
  Self-play game 21/25 - 14 moves
  Self-play game 22/25 - 18 moves
  Self-play game 23/25 - 43 moves
  Self-play game 24/25 - 48 moves
  Self-play game 25/25 - 50 moves
  Collected 1016 samples (avg game length: 40.6)
  Illegal-argmax rate: 20.28%, mean illegal mass: 0.2673
  Self-play time: 142.9s
  Skipped 7 drawn games, keeping 672/1016 samples
  Replay buffer: 30000/30000 samples
Training phase:
    Chunk 1/3 (50 steps) - loss: 1.0083 (policy: 0.9008, value: 0.4299)
    Chunk 2/3 (50 steps) - loss: 0.9130 (policy: 0.8063, value: 0.4268)
    Chunk 3/3 (50 steps) - loss: 1.0519 (policy: 0.9426, value: 0.4370)
  Training time: 1.3s
Gating phase:
  Challenger: 8W-0L-12D (win rate 70.00%, threshold 55%)
  -> Challenger PROMOTED to best_model
  Gating time: 217.4s
Saved checkpoint: results/sgd_gate_run/model_iter_76.pt
  Iteration total: 365.6s

============================================================
Iteration 77/2999
============================================================
Self-play phase:
  Self-play game 1/25 - 69 moves
  Self-play game 2/25 - 100 moves
  Self-play game 3/25 - 26 moves
  Self-play game 4/25 - 43 moves
  Self-play game 5/25 - 19 moves
  Self-play game 6/25 - 46 moves
  Self-play game 7/25 - 15 moves
  Self-play game 8/25 - 83 moves
  Self-play game 9/25 - 11 moves
  Self-play game 10/25 - 35 moves
  Self-play game 11/25 - 92 moves
  Self-play game 12/25 - 63 moves
  Self-play game 13/25 - 32 moves
  Self-play game 14/25 - 88 moves
  Self-play game 15/25 - 62 moves
  Self-play game 16/25 - 53 moves
  Self-play game 17/25 - 46 moves
  Self-play game 18/25 - 68 moves
  Self-play game 19/25 - 25 moves
  Self-play game 20/25 - 55 moves
  Self-play game 21/25 - 83 moves
  Self-play game 22/25 - 61 moves
  Self-play game 23/25 - 22 moves
  Self-play game 24/25 - 49 moves
  Self-play game 25/25 - 21 moves
  Collected 1267 samples (avg game length: 50.7)
  Illegal-argmax rate: 22.73%, mean illegal mass: 0.2791
  Self-play time: 171.3s
  Skipped 10 drawn games, keeping 741/1267 samples
  Replay buffer: 30000/30000 samples
Training phase:
    Chunk 1/3 (50 steps) - loss: 1.0598 (policy: 0.9495, value: 0.4411)
    Chunk 2/3 (50 steps) - loss: 0.9055 (policy: 0.7979, value: 0.4306)
    Chunk 3/3 (50 steps) - loss: 1.0261 (policy: 0.9161, value: 0.4401)
  Training time: 1.3s
Gating phase:
  Challenger: 3W-3L-14D (win rate 50.00%, threshold 55%)
  -> Champion retained
  Gating time: 388.2s
Saved checkpoint: results/sgd_gate_run/model_iter_77.pt
  Iteration total: 564.7s

============================================================
Iteration 78/2999
============================================================
Self-play phase:
  Self-play game 1/25 - 56 moves
  Self-play game 2/25 - 32 moves
  Self-play game 3/25 - 22 moves
  Self-play game 4/25 - 103 moves
  Self-play game 5/25 - 99 moves
  Self-play game 6/25 - 45 moves
  Self-play game 7/25 - 7 moves
  Self-play game 8/25 - 46 moves
  Self-play game 9/25 - 121 moves
  Self-play game 10/25 - 32 moves
  Self-play game 11/25 - 67 moves
  Self-play game 12/25 - 92 moves
  Self-play game 13/25 - 17 moves
  Self-play game 14/25 - 10 moves
  Self-play game 15/25 - 8 moves
  Self-play game 16/25 - 21 moves
  Self-play game 17/25 - 16 moves
  Self-play game 18/25 - 11 moves
  Self-play game 19/25 - 34 moves
  Self-play game 20/25 - 76 moves
  Self-play game 21/25 - 9 moves
  Self-play game 22/25 - 10 moves
  Self-play game 23/25 - 23 moves
  Self-play game 24/25 - 37 moves
  Self-play game 25/25 - 31 moves
  Collected 1025 samples (avg game length: 41.0)
  Illegal-argmax rate: 20.49%, mean illegal mass: 0.2614
  Self-play time: 145.4s
  Skipped 7 drawn games, keeping 538/1025 samples
  Replay buffer: 30000/30000 samples
Training phase:
    Chunk 1/3 (50 steps) - loss: 0.9779 (policy: 0.8670, value: 0.4439)
    Chunk 2/3 (50 steps) - loss: 0.9799 (policy: 0.8707, value: 0.4368)
    Chunk 3/3 (50 steps) - loss: 1.0343 (policy: 0.9243, value: 0.4400)
  Training time: 1.3s
Gating phase:
  Challenger: 1W-4L-15D (win rate 42.50%, threshold 55%)
  -> Champion retained
  Gating time: 391.6s
Saved checkpoint: results/sgd_gate_run/model_iter_78.pt
  Iteration total: 542.3s

============================================================
Iteration 79/2999
============================================================
Self-play phase:
  Self-play game 1/25 - 61 moves
  Self-play game 2/25 - 29 moves
  Self-play game 3/25 - 26 moves
  Self-play game 4/25 - 44 moves
  Self-play game 5/25 - 54 moves
  Self-play game 6/25 - 7 moves
  Self-play game 7/25 - 14 moves
  Self-play game 8/25 - 52 moves
  Self-play game 9/25 - 18 moves
  Self-play game 10/25 - 69 moves
  Self-play game 11/25 - 90 moves
  Self-play game 12/25 - 25 moves
  Self-play game 13/25 - 44 moves
  Self-play game 14/25 - 8 moves
  Self-play game 15/25 - 18 moves
  Self-play game 16/25 - 41 moves
  Self-play game 17/25 - 49 moves
  Self-play game 18/25 - 22 moves
  Self-play game 19/25 - 15 moves
  Self-play game 20/25 - 24 moves
  Self-play game 21/25 - 14 moves
  Self-play game 22/25 - 17 moves
  Self-play game 23/25 - 43 moves
  Self-play game 24/25 - 17 moves
  Self-play game 25/25 - 50 moves
  Collected 851 samples (avg game length: 34.0)
  Illegal-argmax rate: 19.98%, mean illegal mass: 0.2649
  Self-play time: 121.8s
  Skipped 8 drawn games, keeping 509/851 samples
  Replay buffer: 30000/30000 samples
Training phase:
    Chunk 1/3 (50 steps) - loss: 0.9144 (policy: 0.8088, value: 0.4224)
    Chunk 2/3 (50 steps) - loss: 1.0476 (policy: 0.9359, value: 0.4469)
    Chunk 3/3 (50 steps) - loss: 1.0349 (policy: 0.9215, value: 0.4536)
  Training time: 0.9s
Gating phase:
  Challenger: 9W-1L-10D (win rate 70.00%, threshold 55%)
  -> Challenger PROMOTED to best_model
  Gating time: 302.0s
Saved checkpoint: results/sgd_gate_run/model_iter_79.pt
  Iteration total: 428.6s

============================================================
Iteration 80/2999
============================================================
Self-play phase:
  Self-play game 1/25 - 12 moves
  Self-play game 2/25 - 58 moves
  Self-play game 3/25 - 62 moves
  Self-play game 4/25 - 15 moves
  Self-play game 5/25 - 85 moves
  Self-play game 6/25 - 59 moves
  Self-play game 7/25 - 76 moves
  Self-play game 8/25 - 38 moves
  Self-play game 9/25 - 37 moves
  Self-play game 10/25 - 21 moves
  Self-play game 11/25 - 40 moves
  Self-play game 12/25 - 58 moves
  Self-play game 13/25 - 66 moves
  Self-play game 14/25 - 41 moves
  Self-play game 15/25 - 48 moves
  Self-play game 16/25 - 27 moves
  Self-play game 17/25 - 30 moves
  Self-play game 18/25 - 57 moves
  Self-play game 19/25 - 54 moves
  Self-play game 20/25 - 43 moves
  Self-play game 21/25 - 89 moves
  Self-play game 22/25 - 88 moves
  Self-play game 23/25 - 78 moves
  Self-play game 24/25 - 68 moves
  Self-play game 25/25 - 42 moves
  Collected 1292 samples (avg game length: 51.7)
  Illegal-argmax rate: 22.52%, mean illegal mass: 0.2953
  Self-play time: 190.5s
  Skipped 7 drawn games, keeping 852/1292 samples
  Replay buffer: 30000/30000 samples
Training phase:
    Chunk 1/3 (50 steps) - loss: 0.9945 (policy: 0.8832, value: 0.4455)
    Chunk 2/3 (50 steps) - loss: 1.0808 (policy: 0.9702, value: 0.4424)
    Chunk 3/3 (50 steps) - loss: 1.0658 (policy: 0.9540, value: 0.4469)
  Training time: 1.1s
Gating phase:
  Challenger: 2W-2L-16D (win rate 50.00%, threshold 55%)
  -> Champion retained
  Gating time: 325.0s
Saved checkpoint: results/sgd_gate_run/model_iter_80.pt
  Iteration total: 520.5s

============================================================
Iteration 81/2999
============================================================
Self-play phase:
  Self-play game 1/25 - 18 moves
  Self-play game 2/25 - 57 moves
  Self-play game 3/25 - 8 moves
  Self-play game 4/25 - 59 moves
  Self-play game 5/25 - 56 moves
  Self-play game 6/25 - 108 moves
  Self-play game 7/25 - 52 moves
  Self-play game 8/25 - 28 moves
  Self-play game 9/25 - 25 moves
  Self-play game 10/25 - 20 moves
  Self-play game 11/25 - 12 moves
  Self-play game 12/25 - 7 moves
  Self-play game 13/25 - 60 moves
  Self-play game 14/25 - 98 moves
  Self-play game 15/25 - 28 moves
  Self-play game 16/25 - 20 moves
  Self-play game 17/25 - 5 moves
  Self-play game 18/25 - 26 moves
  Self-play game 19/25 - 43 moves
  Self-play game 20/25 - 44 moves
  Self-play game 21/25 - 12 moves
  Self-play game 22/25 - 11 moves
  Self-play game 23/25 - 71 moves
  Self-play game 24/25 - 25 moves
  Self-play game 25/25 - 53 moves
  Collected 946 samples (avg game length: 37.8)
  Illegal-argmax rate: 19.45%, mean illegal mass: 0.2616
  Self-play time: 144.9s
  Skipped 4 drawn games, keeping 692/946 samples
  Replay buffer: 30000/30000 samples
Training phase:
    Chunk 1/3 (50 steps) - loss: 0.9949 (policy: 0.8819, value: 0.4522)
    Chunk 2/3 (50 steps) - loss: 1.1320 (policy: 1.0192, value: 0.4514)
    Chunk 3/3 (50 steps) - loss: 1.1091 (policy: 0.9997, value: 0.4375)
  Training time: 0.9s
Gating phase:
  Challenger: 8W-1L-11D (win rate 67.50%, threshold 55%)
  -> Challenger PROMOTED to best_model
  Gating time: 407.2s
Saved checkpoint: results/sgd_gate_run/model_iter_81.pt
  Iteration total: 557.0s

============================================================
Iteration 82/2999
============================================================
Self-play phase:
  Self-play game 1/25 - 44 moves
  Self-play game 2/25 - 83 moves
  Self-play game 3/25 - 14 moves
  Self-play game 4/25 - 25 moves
  Self-play game 5/25 - 76 moves
  Self-play game 6/25 - 76 moves
  Self-play game 7/25 - 66 moves
  Self-play game 8/25 - 66 moves
  Self-play game 9/25 - 95 moves
  Self-play game 10/25 - 18 moves
  Self-play game 11/25 - 64 moves
  Self-play game 12/25 - 9 moves
  Self-play game 13/25 - 28 moves
  Self-play game 14/25 - 70 moves
  Self-play game 15/25 - 83 moves
  Self-play game 16/25 - 17 moves
  Self-play game 17/25 - 20 moves
  Self-play game 18/25 - 31 moves
  Self-play game 19/25 - 60 moves
  Self-play game 20/25 - 9 moves
  Self-play game 21/25 - 94 moves
  Self-play game 22/25 - 40 moves
  Self-play game 23/25 - 53 moves
  Self-play game 24/25 - 65 moves
  Self-play game 25/25 - 21 moves
  Collected 1227 samples (avg game length: 49.1)
  Illegal-argmax rate: 20.86%, mean illegal mass: 0.2761
  Self-play time: 173.1s
  Skipped 6 drawn games, keeping 838/1227 samples
  Replay buffer: 30000/30000 samples
Training phase:
    Chunk 1/3 (50 steps) - loss: 1.0999 (policy: 0.9893, value: 0.4421)
    Chunk 2/3 (50 steps) - loss: 0.9804 (policy: 0.8729, value: 0.4302)
    Chunk 3/3 (50 steps) - loss: 1.0993 (policy: 0.9899, value: 0.4376)
  Training time: 1.1s
Gating phase:
  Challenger: 4W-5L-11D (win rate 47.50%, threshold 55%)
  -> Champion retained
  Gating time: 317.0s
Saved checkpoint: results/sgd_gate_run/model_iter_82.pt
  Iteration total: 495.2s

============================================================
Iteration 83/2999
============================================================
Self-play phase:
  Self-play game 1/25 - 18 moves
  Self-play game 2/25 - 61 moves
  Self-play game 3/25 - 27 moves
  Self-play game 4/25 - 60 moves
  Self-play game 5/25 - 68 moves
  Self-play game 6/25 - 65 moves
  Self-play game 7/25 - 34 moves
  Self-play game 8/25 - 7 moves
  Self-play game 9/25 - 26 moves
  Self-play game 10/25 - 9 moves
  Self-play game 11/25 - 6 moves
  Self-play game 12/25 - 44 moves
  Self-play game 13/25 - 46 moves
  Self-play game 14/25 - 29 moves
  Self-play game 15/25 - 54 moves
  Self-play game 16/25 - 26 moves
  Self-play game 17/25 - 75 moves
  Self-play game 18/25 - 48 moves
  Self-play game 19/25 - 63 moves
  Self-play game 20/25 - 9 moves
  Self-play game 21/25 - 19 moves
  Self-play game 22/25 - 146 moves
  Self-play game 23/25 - 56 moves
  Self-play game 24/25 - 34 moves
  Self-play game 25/25 - 11 moves
  Collected 1041 samples (avg game length: 41.6)
  Illegal-argmax rate: 17.68%, mean illegal mass: 0.2530
  Self-play time: 151.7s
  Skipped 6 drawn games, keeping 685/1041 samples
  Replay buffer: 30000/30000 samples
Training phase:
    Chunk 1/3 (50 steps) - loss: 1.0325 (policy: 0.9223, value: 0.4407)
    Chunk 2/3 (50 steps) - loss: 1.0081 (policy: 0.9006, value: 0.4300)
    Chunk 3/3 (50 steps) - loss: 1.0712 (policy: 0.9631, value: 0.4322)
  Training time: 1.2s
Gating phase:
  Challenger: 3W-1L-16D (win rate 55.00%, threshold 55%)
  -> Challenger PROMOTED to best_model
  Gating time: 360.2s
Saved checkpoint: results/sgd_gate_run/model_iter_83.pt
  Iteration total: 517.0s

============================================================
Iteration 84/2999
============================================================
Self-play phase:
  Self-play game 1/25 - 10 moves
  Self-play game 2/25 - 77 moves
  Self-play game 3/25 - 25 moves
  Self-play game 4/25 - 57 moves
  Self-play game 5/25 - 32 moves
  Self-play game 6/25 - 96 moves
  Self-play game 7/25 - 36 moves
  Self-play game 8/25 - 18 moves
  Self-play game 9/25 - 21 moves
  Self-play game 10/25 - 19 moves
  Self-play game 11/25 - 55 moves
  Self-play game 12/25 - 17 moves
  Self-play game 13/25 - 35 moves
  Self-play game 14/25 - 46 moves
  Self-play game 15/25 - 60 moves
  Self-play game 16/25 - 35 moves
  Self-play game 17/25 - 35 moves
  Self-play game 18/25 - 36 moves
  Self-play game 19/25 - 80 moves
  Self-play game 20/25 - 29 moves
  Self-play game 21/25 - 70 moves
  Self-play game 22/25 - 36 moves
  Self-play game 23/25 - 103 moves
  Self-play game 24/25 - 83 moves
  Self-play game 25/25 - 118 moves
  Collected 1229 samples (avg game length: 49.2)
  Illegal-argmax rate: 22.54%, mean illegal mass: 0.2808
  Self-play time: 165.9s
  Skipped 6 drawn games, keeping 753/1229 samples
  Replay buffer: 30000/30000 samples
Training phase:
    Chunk 1/3 (50 steps) - loss: 1.0674 (policy: 0.9529, value: 0.4578)
    Chunk 2/3 (50 steps) - loss: 1.1868 (policy: 1.0769, value: 0.4394)
    Chunk 3/3 (50 steps) - loss: 1.1315 (policy: 1.0223, value: 0.4369)
  Training time: 1.2s
Gating phase:
  Challenger: 6W-5L-9D (win rate 52.50%, threshold 55%)
  -> Champion retained
  Gating time: 342.8s
Saved checkpoint: results/sgd_gate_run/model_iter_84.pt
  Iteration total: 513.8s

============================================================
Iteration 85/2999
============================================================
Self-play phase:
  Self-play game 1/25 - 20 moves
  Self-play game 2/25 - 53 moves
  Self-play game 3/25 - 58 moves
  Self-play game 4/25 - 104 moves
  Self-play game 5/25 - 21 moves
  Self-play game 6/25 - 115 moves
  Self-play game 7/25 - 32 moves
  Self-play game 8/25 - 26 moves
  Self-play game 9/25 - 24 moves
  Self-play game 10/25 - 19 moves
  Self-play game 11/25 - 127 moves
  Self-play game 12/25 - 10 moves
  Self-play game 13/25 - 8 moves
  Self-play game 14/25 - 17 moves
  Self-play game 15/25 - 34 moves
  Self-play game 16/25 - 31 moves
  Self-play game 17/25 - 19 moves
  Self-play game 18/25 - 19 moves
  Self-play game 19/25 - 38 moves
  Self-play game 20/25 - 9 moves
  Self-play game 21/25 - 53 moves
  Self-play game 22/25 - 104 moves
  Self-play game 23/25 - 61 moves
  Self-play game 24/25 - 28 moves
  Self-play game 25/25 - 72 moves
  Collected 1102 samples (avg game length: 44.1)
  Illegal-argmax rate: 20.51%, mean illegal mass: 0.2741
  Self-play time: 159.8s
  Skipped 3 drawn games, keeping 799/1102 samples
  Replay buffer: 30000/30000 samples
Training phase:
    Chunk 1/3 (50 steps) - loss: 1.0865 (policy: 0.9773, value: 0.4369)
    Chunk 2/3 (50 steps) - loss: 1.0882 (policy: 0.9743, value: 0.4556)
    Chunk 3/3 (50 steps) - loss: 1.0561 (policy: 0.9410, value: 0.4605)
  Training time: 0.9s
Gating phase:
  Challenger: 9W-0L-11D (win rate 72.50%, threshold 55%)
  -> Challenger PROMOTED to best_model
  Gating time: 253.0s
Saved checkpoint: results/sgd_gate_run/model_iter_85.pt
  Iteration total: 417.6s

============================================================
Iteration 86/2999
============================================================
Self-play phase:
  Self-play game 1/25 - 20 moves
  Self-play game 2/25 - 38 moves
  Self-play game 3/25 - 20 moves
  Self-play game 4/25 - 106 moves
  Self-play game 5/25 - 21 moves
  Self-play game 6/25 - 68 moves
  Self-play game 7/25 - 82 moves
  Self-play game 8/25 - 42 moves
  Self-play game 9/25 - 52 moves
  Self-play game 10/25 - 99 moves
  Self-play game 11/25 - 12 moves
  Self-play game 12/25 - 31 moves
  Self-play game 13/25 - 15 moves
  Self-play game 14/25 - 12 moves
  Self-play game 15/25 - 71 moves
  Self-play game 16/25 - 19 moves
  Self-play game 17/25 - 52 moves
  Self-play game 18/25 - 69 moves
  Self-play game 19/25 - 110 moves
  Self-play game 20/25 - 46 moves
  Self-play game 21/25 - 66 moves
  Self-play game 22/25 - 9 moves
  Self-play game 23/25 - 10 moves
  Self-play game 24/25 - 9 moves
  Self-play game 25/25 - 27 moves
  Collected 1106 samples (avg game length: 44.2)
  Illegal-argmax rate: 19.08%, mean illegal mass: 0.2650
  Self-play time: 160.6s
  Skipped 5 drawn games, keeping 785/1106 samples
  Replay buffer: 30000/30000 samples
Training phase:
    Chunk 1/3 (50 steps) - loss: 1.1423 (policy: 1.0276, value: 0.4589)
    Chunk 2/3 (50 steps) - loss: 1.1733 (policy: 1.0618, value: 0.4458)
    Chunk 3/3 (50 steps) - loss: 1.0511 (policy: 0.9432, value: 0.4318)
  Training time: 1.1s
Gating phase:
  Challenger: 3W-6L-11D (win rate 42.50%, threshold 55%)
  -> Champion retained
  Gating time: 360.7s
Saved checkpoint: results/sgd_gate_run/model_iter_86.pt
  Iteration total: 526.2s

============================================================
Iteration 87/2999
============================================================
Self-play phase:
  Self-play game 1/25 - 30 moves
  Self-play game 2/25 - 43 moves
  Self-play game 3/25 - 58 moves
  Self-play game 4/25 - 92 moves
  Self-play game 5/25 - 95 moves
  Self-play game 6/25 - 52 moves
  Self-play game 7/25 - 70 moves
  Self-play game 8/25 - 95 moves
  Self-play game 9/25 - 14 moves
  Self-play game 10/25 - 43 moves
  Self-play game 11/25 - 53 moves
  Self-play game 12/25 - 66 moves
  Self-play game 13/25 - 65 moves
  Self-play game 14/25 - 16 moves
  Self-play game 15/25 - 60 moves
  Self-play game 16/25 - 31 moves
  Self-play game 17/25 - 66 moves
  Self-play game 18/25 - 31 moves
  Self-play game 19/25 - 48 moves
  Self-play game 20/25 - 24 moves
  Self-play game 21/25 - 62 moves
  Self-play game 22/25 - 48 moves
  Self-play game 23/25 - 59 moves
  Self-play game 24/25 - 7 moves
  Self-play game 25/25 - 37 moves
  Collected 1265 samples (avg game length: 50.6)
  Illegal-argmax rate: 19.13%, mean illegal mass: 0.2579
  Self-play time: 179.4s
  Skipped 3 drawn games, keeping 1118/1265 samples
  Replay buffer: 30000/30000 samples
Training phase:
    Chunk 1/3 (50 steps) - loss: 1.1254 (policy: 1.0159, value: 0.4380)
    Chunk 2/3 (50 steps) - loss: 1.0724 (policy: 0.9590, value: 0.4539)
    Chunk 3/3 (50 steps) - loss: 1.0957 (policy: 0.9836, value: 0.4483)
  Training time: 1.1s
Gating phase:
  Challenger: 2W-1L-17D (win rate 52.50%, threshold 55%)
  -> Champion retained
  Gating time: 405.6s
Saved checkpoint: results/sgd_gate_run/model_iter_87.pt
  Iteration total: 590.1s

============================================================
Iteration 88/2999
============================================================
Self-play phase:
  Self-play game 1/25 - 43 moves
  Self-play game 2/25 - 88 moves
  Self-play game 3/25 - 77 moves
  Self-play game 4/25 - 40 moves
  Self-play game 5/25 - 18 moves
  Self-play game 6/25 - 50 moves
  Self-play game 7/25 - 152 moves
  Self-play game 8/25 - 69 moves
  Self-play game 9/25 - 21 moves
  Self-play game 10/25 - 8 moves
  Self-play game 11/25 - 91 moves
  Self-play game 12/25 - 41 moves
  Self-play game 13/25 - 59 moves
  Self-play game 14/25 - 17 moves
  Self-play game 15/25 - 43 moves
  Self-play game 16/25 - 18 moves
  Self-play game 17/25 - 7 moves
  Self-play game 18/25 - 23 moves
  Self-play game 19/25 - 17 moves
  Self-play game 20/25 - 50 moves
  Self-play game 21/25 - 63 moves
  Self-play game 22/25 - 21 moves
  Self-play game 23/25 - 97 moves
  Self-play game 24/25 - 63 moves
  Self-play game 25/25 - 100 moves
  Collected 1276 samples (avg game length: 51.0)
  Illegal-argmax rate: 21.24%, mean illegal mass: 0.2810
  Self-play time: 172.9s
  Skipped 6 drawn games, keeping 829/1276 samples
  Replay buffer: 30000/30000 samples
Training phase:
    Chunk 1/3 (50 steps) - loss: 1.2209 (policy: 1.1061, value: 0.4593)
    Chunk 2/3 (50 steps) - loss: 1.0665 (policy: 0.9564, value: 0.4406)
    Chunk 3/3 (50 steps) - loss: 1.1198 (policy: 1.0017, value: 0.4727)
  Training time: 1.3s
Gating phase:
  Challenger: 4W-4L-12D (win rate 50.00%, threshold 55%)
  -> Champion retained
  Gating time: 403.7s
Saved checkpoint: results/sgd_gate_run/model_iter_88.pt
  Iteration total: 581.8s

============================================================
Iteration 89/2999
============================================================
Self-play phase:
  Self-play game 1/25 - 16 moves
  Self-play game 2/25 - 37 moves
  Self-play game 3/25 - 64 moves
  Self-play game 4/25 - 41 moves
  Self-play game 5/25 - 12 moves
  Self-play game 6/25 - 25 moves
  Self-play game 7/25 - 107 moves
  Self-play game 8/25 - 15 moves
  Self-play game 9/25 - 21 moves
  Self-play game 10/25 - 30 moves
  Self-play game 11/25 - 36 moves
  Self-play game 12/25 - 25 moves
  Self-play game 13/25 - 32 moves
  Self-play game 14/25 - 18 moves
  Self-play game 15/25 - 5 moves
  Self-play game 16/25 - 39 moves
  Self-play game 17/25 - 48 moves
  Self-play game 18/25 - 11 moves
  Self-play game 19/25 - 19 moves
  Self-play game 20/25 - 9 moves
  Self-play game 21/25 - 84 moves
  Self-play game 22/25 - 36 moves
  Self-play game 23/25 - 19 moves
  Self-play game 24/25 - 40 moves
  Self-play game 25/25 - 58 moves
  Collected 847 samples (avg game length: 33.9)
  Illegal-argmax rate: 20.31%, mean illegal mass: 0.2719
  Self-play time: 125.1s
  Skipped 1 drawn games, keeping 822/847 samples
  Replay buffer: 30000/30000 samples
Training phase:
    Chunk 1/3 (50 steps) - loss: 1.1996 (policy: 1.0883, value: 0.4452)
    Chunk 2/3 (50 steps) - loss: 1.1739 (policy: 1.0629, value: 0.4439)
    Chunk 3/3 (50 steps) - loss: 1.2239 (policy: 1.1125, value: 0.4456)
  Training time: 1.2s
Gating phase:
  Challenger: 5W-0L-15D (win rate 62.50%, threshold 55%)
  -> Challenger PROMOTED to best_model
  Gating time: 359.6s
Saved checkpoint: results/sgd_gate_run/model_iter_89.pt
  Iteration total: 490.1s

============================================================
Iteration 90/2999
============================================================
Self-play phase:
  Self-play game 1/25 - 14 moves
  Self-play game 2/25 - 71 moves
  Self-play game 3/25 - 24 moves
  Self-play game 4/25 - 13 moves
  Self-play game 5/25 - 66 moves
  Self-play game 6/25 - 53 moves
  Self-play game 7/25 - 80 moves
  Self-play game 8/25 - 38 moves
  Self-play game 9/25 - 7 moves
  Self-play game 10/25 - 17 moves
  Self-play game 11/25 - 22 moves
  Self-play game 12/25 - 11 moves
  Self-play game 13/25 - 46 moves
  Self-play game 14/25 - 86 moves
  Self-play game 15/25 - 69 moves
  Self-play game 16/25 - 10 moves
  Self-play game 17/25 - 49 moves
  Self-play game 18/25 - 31 moves
  Self-play game 19/25 - 43 moves
  Self-play game 20/25 - 55 moves
  Self-play game 21/25 - 49 moves
  Self-play game 22/25 - 31 moves
  Self-play game 23/25 - 97 moves
  Self-play game 24/25 - 106 moves
  Self-play game 25/25 - 74 moves
  Collected 1162 samples (avg game length: 46.5)
  Illegal-argmax rate: 17.13%, mean illegal mass: 0.2634
  Self-play time: 156.4s
  Skipped 4 drawn games, keeping 890/1162 samples
  Replay buffer: 30000/30000 samples
Training phase:
    Chunk 1/3 (50 steps) - loss: 1.2340 (policy: 1.1183, value: 0.4629)
    Chunk 2/3 (50 steps) - loss: 1.2230 (policy: 1.1042, value: 0.4750)
    Chunk 3/3 (50 steps) - loss: 1.2466 (policy: 1.1364, value: 0.4408)
  Training time: 1.2s
Gating phase:
  Challenger: 2W-2L-16D (win rate 50.00%, threshold 55%)
  -> Champion retained
  Gating time: 295.7s
Saved checkpoint: results/sgd_gate_run/model_iter_90.pt
  Iteration total: 457.3s

============================================================
Iteration 91/2999
============================================================
Self-play phase:
  Self-play game 1/25 - 27 moves
  Self-play game 2/25 - 50 moves
  Self-play game 3/25 - 17 moves
  Self-play game 4/25 - 97 moves
  Self-play game 5/25 - 65 moves
  Self-play game 6/25 - 103 moves
  Self-play game 7/25 - 71 moves
  Self-play game 8/25 - 91 moves
  Self-play game 9/25 - 25 moves
  Self-play game 10/25 - 10 moves
  Self-play game 11/25 - 61 moves
  Self-play game 12/25 - 50 moves
  Self-play game 13/25 - 88 moves
  Self-play game 14/25 - 34 moves
  Self-play game 15/25 - 7 moves
  Self-play game 16/25 - 87 moves
  Self-play game 17/25 - 42 moves
  Self-play game 18/25 - 19 moves
  Self-play game 19/25 - 17 moves
  Self-play game 20/25 - 69 moves
  Self-play game 21/25 - 13 moves
  Self-play game 22/25 - 30 moves
  Self-play game 23/25 - 35 moves
  Self-play game 24/25 - 21 moves
  Self-play game 25/25 - 26 moves
  Collected 1155 samples (avg game length: 46.2)
  Illegal-argmax rate: 18.35%, mean illegal mass: 0.2680
  Self-play time: 162.5s
  Skipped 3 drawn games, keeping 947/1155 samples
  Replay buffer: 30000/30000 samples
Training phase:
    Chunk 1/3 (50 steps) - loss: 1.1733 (policy: 1.0604, value: 0.4515)
    Chunk 2/3 (50 steps) - loss: 1.1829 (policy: 1.0669, value: 0.4642)
    Chunk 3/3 (50 steps) - loss: 1.1549 (policy: 1.0427, value: 0.4485)
  Training time: 1.2s
Gating phase:
  Challenger: 1W-3L-16D (win rate 45.00%, threshold 55%)
  -> Champion retained
  Gating time: 320.2s
Saved checkpoint: results/sgd_gate_run/model_iter_91.pt
  Iteration total: 487.8s

============================================================
Iteration 92/2999
============================================================
Self-play phase:
  Self-play game 1/25 - 14 moves
  Self-play game 2/25 - 69 moves
  Self-play game 3/25 - 14 moves
  Self-play game 4/25 - 116 moves
  Self-play game 5/25 - 23 moves
  Self-play game 6/25 - 25 moves
  Self-play game 7/25 - 74 moves
  Self-play game 8/25 - 22 moves
  Self-play game 9/25 - 76 moves
  Self-play game 10/25 - 12 moves
  Self-play game 11/25 - 32 moves
  Self-play game 12/25 - 35 moves
  Self-play game 13/25 - 71 moves
  Self-play game 14/25 - 38 moves
  Self-play game 15/25 - 13 moves
  Self-play game 16/25 - 63 moves
  Self-play game 17/25 - 63 moves
  Self-play game 18/25 - 63 moves
  Self-play game 19/25 - 43 moves
  Self-play game 20/25 - 10 moves
  Self-play game 21/25 - 72 moves
  Self-play game 22/25 - 13 moves
  Self-play game 23/25 - 120 moves
  Self-play game 24/25 - 34 moves
  Self-play game 25/25 - 11 moves
  Collected 1126 samples (avg game length: 45.0)
  Illegal-argmax rate: 19.54%, mean illegal mass: 0.2775
  Self-play time: 152.6s
  Skipped 6 drawn games, keeping 779/1126 samples
  Replay buffer: 30000/30000 samples
Training phase:
    Chunk 1/3 (50 steps) - loss: 1.1805 (policy: 1.0668, value: 0.4548)
    Chunk 2/3 (50 steps) - loss: 1.1668 (policy: 1.0524, value: 0.4578)
    Chunk 3/3 (50 steps) - loss: 1.2351 (policy: 1.1185, value: 0.4663)
  Training time: 1.2s
Gating phase:
  Challenger: 7W-2L-11D (win rate 62.50%, threshold 55%)
  -> Challenger PROMOTED to best_model
  Gating time: 297.9s
Saved checkpoint: results/sgd_gate_run/model_iter_92.pt
  Iteration total: 455.6s

============================================================
Iteration 93/2999
============================================================
Self-play phase:
  Self-play game 1/25 - 33 moves
  Self-play game 2/25 - 60 moves
  Self-play game 3/25 - 18 moves
  Self-play game 4/25 - 69 moves
  Self-play game 5/25 - 40 moves
  Self-play game 6/25 - 75 moves
  Self-play game 7/25 - 86 moves
  Self-play game 8/25 - 14 moves
  Self-play game 9/25 - 70 moves
  Self-play game 10/25 - 26 moves
  Self-play game 11/25 - 43 moves
  Self-play game 12/25 - 39 moves
  Self-play game 13/25 - 22 moves
  Self-play game 14/25 - 20 moves
  Self-play game 15/25 - 18 moves
  Self-play game 16/25 - 17 moves
  Self-play game 17/25 - 36 moves
  Self-play game 18/25 - 38 moves
  Self-play game 19/25 - 17 moves
  Self-play game 20/25 - 49 moves
  Self-play game 21/25 - 59 moves
  Self-play game 22/25 - 49 moves
  Self-play game 23/25 - 65 moves
  Self-play game 24/25 - 84 moves
  Self-play game 25/25 - 36 moves
  Collected 1083 samples (avg game length: 43.3)
  Illegal-argmax rate: 17.82%, mean illegal mass: 0.2528
  Self-play time: 145.2s
  Skipped 6 drawn games, keeping 732/1083 samples
  Replay buffer: 30000/30000 samples
Training phase:
    Chunk 1/3 (50 steps) - loss: 1.1828 (policy: 1.0687, value: 0.4562)
    Chunk 2/3 (50 steps) - loss: 1.2469 (policy: 1.1360, value: 0.4435)
    Chunk 3/3 (50 steps) - loss: 1.1468 (policy: 1.0356, value: 0.4447)
  Training time: 1.2s
Gating phase:
  Challenger: 4W-1L-15D (win rate 57.50%, threshold 55%)
  -> Challenger PROMOTED to best_model
  Gating time: 311.5s
Saved checkpoint: results/sgd_gate_run/model_iter_93.pt
  Iteration total: 461.7s

============================================================
Iteration 94/2999
============================================================
Self-play phase:
  Self-play game 1/25 - 54 moves
  Self-play game 2/25 - 49 moves
  Self-play game 3/25 - 16 moves
  Self-play game 4/25 - 30 moves
  Self-play game 5/25 - 14 moves
  Self-play game 6/25 - 50 moves
  Self-play game 7/25 - 71 moves
  Self-play game 8/25 - 9 moves
  Self-play game 9/25 - 71 moves
  Self-play game 10/25 - 21 moves
  Self-play game 11/25 - 37 moves
  Self-play game 12/25 - 27 moves
  Self-play game 13/25 - 50 moves
  Self-play game 14/25 - 51 moves
  Self-play game 15/25 - 38 moves
  Self-play game 16/25 - 54 moves
  Self-play game 17/25 - 42 moves
  Self-play game 18/25 - 66 moves
  Self-play game 19/25 - 39 moves
  Self-play game 20/25 - 53 moves
  Self-play game 21/25 - 9 moves
  Self-play game 22/25 - 51 moves
  Self-play game 23/25 - 86 moves
  Self-play game 24/25 - 64 moves
  Self-play game 25/25 - 53 moves
  Collected 1105 samples (avg game length: 44.2)
  Illegal-argmax rate: 18.82%, mean illegal mass: 0.2678
  Self-play time: 157.8s
  Skipped 6 drawn games, keeping 766/1105 samples
  Replay buffer: 30000/30000 samples
Training phase:
    Chunk 1/3 (50 steps) - loss: 1.2161 (policy: 1.1029, value: 0.4526)
    Chunk 2/3 (50 steps) - loss: 1.1946 (policy: 1.0793, value: 0.4613)
    Chunk 3/3 (50 steps) - loss: 1.0825 (policy: 0.9708, value: 0.4468)
  Training time: 1.2s
Gating phase:
  Challenger: 0W-5L-15D (win rate 37.50%, threshold 55%)
  -> Champion retained
  Gating time: 367.5s
Saved checkpoint: results/sgd_gate_run/model_iter_94.pt
  Iteration total: 530.4s

============================================================
Iteration 95/2999
============================================================
Self-play phase:
  Self-play game 1/25 - 34 moves
  Self-play game 2/25 - 81 moves
  Self-play game 3/25 - 32 moves
  Self-play game 4/25 - 29 moves
  Self-play game 5/25 - 71 moves
  Self-play game 6/25 - 52 moves
  Self-play game 7/25 - 31 moves
  Self-play game 8/25 - 30 moves
  Self-play game 9/25 - 7 moves
  Self-play game 10/25 - 58 moves
  Self-play game 11/25 - 82 moves
  Self-play game 12/25 - 63 moves
  Self-play game 13/25 - 24 moves
  Self-play game 14/25 - 16 moves
  Self-play game 15/25 - 60 moves
  Self-play game 16/25 - 13 moves
  Self-play game 17/25 - 15 moves
  Self-play game 18/25 - 15 moves
  Self-play game 19/25 - 71 moves
  Self-play game 20/25 - 43 moves
  Self-play game 21/25 - 29 moves
  Self-play game 22/25 - 10 moves
  Self-play game 23/25 - 13 moves
  Self-play game 24/25 - 61 moves
  Self-play game 25/25 - 49 moves
  Collected 989 samples (avg game length: 39.6)
  Illegal-argmax rate: 20.12%, mean illegal mass: 0.2704
  Self-play time: 141.5s
  Skipped 4 drawn games, keeping 732/989 samples
  Replay buffer: 30000/30000 samples
Training phase:
    Chunk 1/3 (50 steps) - loss: 1.1323 (policy: 1.0235, value: 0.4350)
    Chunk 2/3 (50 steps) - loss: 1.1984 (policy: 1.0834, value: 0.4597)
    Chunk 3/3 (50 steps) - loss: 1.2288 (policy: 1.1183, value: 0.4421)
  Training time: 1.3s
Gating phase:
  Challenger: 10W-1L-9D (win rate 72.50%, threshold 55%)
  -> Challenger PROMOTED to best_model
  Gating time: 320.7s
Saved checkpoint: results/sgd_gate_run/model_iter_95.pt
  Iteration total: 467.4s

============================================================
Iteration 96/2999
============================================================
Self-play phase:
  Self-play game 1/25 - 59 moves
  Self-play game 2/25 - 21 moves
  Self-play game 3/25 - 42 moves
  Self-play game 4/25 - 87 moves
  Self-play game 5/25 - 46 moves
  Self-play game 6/25 - 76 moves
  Self-play game 7/25 - 9 moves
  Self-play game 8/25 - 22 moves
  Self-play game 9/25 - 19 moves
  Self-play game 10/25 - 93 moves
  Self-play game 11/25 - 12 moves
  Self-play game 12/25 - 46 moves
  Self-play game 13/25 - 21 moves
  Self-play game 14/25 - 73 moves
  Self-play game 15/25 - 29 moves
  Self-play game 16/25 - 95 moves
  Self-play game 17/25 - 36 moves
  Self-play game 18/25 - 56 moves
  Self-play game 19/25 - 15 moves
  Self-play game 20/25 - 40 moves
  Self-play game 21/25 - 19 moves
  Self-play game 22/25 - 39 moves
  Self-play game 23/25 - 72 moves
  Self-play game 24/25 - 56 moves
  Self-play game 25/25 - 23 moves
  Collected 1106 samples (avg game length: 44.2)
  Illegal-argmax rate: 21.34%, mean illegal mass: 0.2817
  Self-play time: 156.0s
  Skipped 3 drawn games, keeping 992/1106 samples
  Replay buffer: 30000/30000 samples
Training phase:
    Chunk 1/3 (50 steps) - loss: 1.1216 (policy: 1.0095, value: 0.4486)
    Chunk 2/3 (50 steps) - loss: 1.1442 (policy: 1.0289, value: 0.4610)
    Chunk 3/3 (50 steps) - loss: 1.2994 (policy: 1.1848, value: 0.4587)
  Training time: 1.0s
Gating phase:
  Challenger: 9W-6L-5D (win rate 57.50%, threshold 55%)
  -> Challenger PROMOTED to best_model
  Gating time: 374.2s
Saved checkpoint: results/sgd_gate_run/model_iter_96.pt
  Iteration total: 535.1s

============================================================
Iteration 97/2999
============================================================
Self-play phase:
  Self-play game 1/25 - 15 moves
  Self-play game 2/25 - 62 moves
  Self-play game 3/25 - 84 moves
  Self-play game 4/25 - 67 moves
  Self-play game 5/25 - 44 moves
  Self-play game 6/25 - 49 moves
  Self-play game 7/25 - 60 moves
  Self-play game 8/25 - 38 moves
  Self-play game 9/25 - 22 moves
  Self-play game 10/25 - 54 moves
  Self-play game 11/25 - 66 moves
  Self-play game 12/25 - 54 moves
  Self-play game 13/25 - 19 moves
  Self-play game 14/25 - 12 moves
  Self-play game 15/25 - 17 moves
  Self-play game 16/25 - 7 moves
  Self-play game 17/25 - 24 moves
  Self-play game 18/25 - 67 moves
  Self-play game 19/25 - 54 moves
  Self-play game 20/25 - 15 moves
  Self-play game 21/25 - 29 moves
  Self-play game 22/25 - 22 moves
  Self-play game 23/25 - 36 moves
  Self-play game 24/25 - 11 moves
  Self-play game 25/25 - 28 moves
  Collected 956 samples (avg game length: 38.2)
  Illegal-argmax rate: 19.98%, mean illegal mass: 0.2886
  Self-play time: 137.4s
  Skipped 4 drawn games, keeping 720/956 samples
  Replay buffer: 30000/30000 samples
Training phase:
    Chunk 1/3 (50 steps) - loss: 1.2793 (policy: 1.1594, value: 0.4798)
    Chunk 2/3 (50 steps) - loss: 1.2027 (policy: 1.0822, value: 0.4820)
    Chunk 3/3 (50 steps) - loss: 1.2396 (policy: 1.1220, value: 0.4702)
  Training time: 1.2s
Gating phase:
  Challenger: 3W-1L-16D (win rate 55.00%, threshold 55%)
  -> Challenger PROMOTED to best_model
  Gating time: 439.0s
Saved checkpoint: results/sgd_gate_run/model_iter_97.pt
  Iteration total: 581.6s

============================================================
Iteration 98/2999
============================================================
Self-play phase:
  Self-play game 1/25 - 50 moves
  Self-play game 2/25 - 86 moves
  Self-play game 3/25 - 62 moves
  Self-play game 4/25 - 45 moves
  Self-play game 5/25 - 42 moves
  Self-play game 6/25 - 92 moves
  Self-play game 7/25 - 56 moves
  Self-play game 8/25 - 32 moves
  Self-play game 9/25 - 26 moves
  Self-play game 10/25 - 110 moves
  Self-play game 11/25 - 15 moves
  Self-play game 12/25 - 38 moves
  Self-play game 13/25 - 74 moves
  Self-play game 14/25 - 39 moves
  Self-play game 15/25 - 27 moves
  Self-play game 16/25 - 101 moves
  Self-play game 17/25 - 31 moves
  Self-play game 18/25 - 76 moves
  Self-play game 19/25 - 15 moves
  Self-play game 20/25 - 76 moves
  Self-play game 21/25 - 108 moves
  Self-play game 22/25 - 12 moves
  Self-play game 23/25 - 84 moves
  Self-play game 24/25 - 28 moves
  Self-play game 25/25 - 28 moves
  Collected 1353 samples (avg game length: 54.1)
  Illegal-argmax rate: 22.84%, mean illegal mass: 0.2932
  Self-play time: 185.9s
  Skipped 6 drawn games, keeping 968/1353 samples
  Replay buffer: 30000/30000 samples
Training phase:
    Chunk 1/3 (50 steps) - loss: 1.1718 (policy: 1.0547, value: 0.4684)
    Chunk 2/3 (50 steps) - loss: 1.2081 (policy: 1.0881, value: 0.4801)
    Chunk 3/3 (50 steps) - loss: 1.2193 (policy: 1.0975, value: 0.4872)
  Training time: 1.2s
Gating phase:
  Challenger: 5W-1L-14D (win rate 60.00%, threshold 55%)
  -> Challenger PROMOTED to best_model
  Gating time: 447.6s
Saved checkpoint: results/sgd_gate_run/model_iter_98.pt
  Iteration total: 638.5s

============================================================
Iteration 99/2999
============================================================
Self-play phase:
  Self-play game 1/25 - 63 moves
  Self-play game 2/25 - 14 moves
  Self-play game 3/25 - 30 moves
  Self-play game 4/25 - 40 moves
  Self-play game 5/25 - 41 moves
  Self-play game 6/25 - 75 moves
  Self-play game 7/25 - 14 moves
  Self-play game 8/25 - 75 moves
  Self-play game 9/25 - 26 moves
  Self-play game 10/25 - 68 moves
  Self-play game 11/25 - 50 moves
  Self-play game 12/25 - 24 moves
  Self-play game 13/25 - 123 moves
  Self-play game 14/25 - 30 moves
  Self-play game 15/25 - 12 moves
  Self-play game 16/25 - 18 moves
  Self-play game 17/25 - 22 moves
  Self-play game 18/25 - 6 moves
  Self-play game 19/25 - 22 moves
  Self-play game 20/25 - 11 moves
  Self-play game 21/25 - 43 moves
  Self-play game 22/25 - 8 moves
  Self-play game 23/25 - 8 moves
  Self-play game 24/25 - 108 moves
  Self-play game 25/25 - 73 moves
  Collected 1004 samples (avg game length: 40.2)
  Illegal-argmax rate: 21.22%, mean illegal mass: 0.2954
  Self-play time: 138.4s
  Skipped 1 drawn games, keeping 961/1004 samples
  Replay buffer: 30000/30000 samples
Training phase:
    Chunk 1/3 (50 steps) - loss: 1.2537 (policy: 1.1342, value: 0.4781)
    Chunk 2/3 (50 steps) - loss: 1.2764 (policy: 1.1588, value: 0.4702)
    Chunk 3/3 (50 steps) - loss: 1.1781 (policy: 1.0580, value: 0.4803)
  Training time: 1.2s
Gating phase:
  Challenger: 6W-6L-8D (win rate 50.00%, threshold 55%)
  -> Champion retained
  Gating time: 427.1s
Saved checkpoint: results/sgd_gate_run/model_iter_99.pt
  Iteration total: 570.9s

============================================================
Iteration 100/2999
============================================================
Self-play phase:
  Self-play game 1/25 - 17 moves
  Self-play game 2/25 - 65 moves
  Self-play game 3/25 - 51 moves
  Self-play game 4/25 - 22 moves
  Self-play game 5/25 - 14 moves
  Self-play game 6/25 - 30 moves
  Self-play game 7/25 - 45 moves
  Self-play game 8/25 - 13 moves
  Self-play game 9/25 - 21 moves
  Self-play game 10/25 - 47 moves
  Self-play game 11/25 - 26 moves
  Self-play game 12/25 - 16 moves
  Self-play game 13/25 - 12 moves
  Self-play game 14/25 - 17 moves
  Self-play game 15/25 - 36 moves
  Self-play game 16/25 - 17 moves
  Self-play game 17/25 - 23 moves
  Self-play game 18/25 - 44 moves
  Self-play game 19/25 - 37 moves
  Self-play game 20/25 - 65 moves
  Self-play game 21/25 - 87 moves
  Self-play game 22/25 - 60 moves
  Self-play game 23/25 - 45 moves
  Self-play game 24/25 - 49 moves
  Self-play game 25/25 - 13 moves
  Collected 872 samples (avg game length: 34.9)
  Illegal-argmax rate: 18.69%, mean illegal mass: 0.2762
  Self-play time: 124.7s
  Skipped 3 drawn games, keeping 743/872 samples
  Replay buffer: 30000/30000 samples
Training phase:
    Chunk 1/3 (50 steps) - loss: 1.1615 (policy: 1.0394, value: 0.4885)
    Chunk 2/3 (50 steps) - loss: 1.1909 (policy: 1.0690, value: 0.4874)
    Chunk 3/3 (50 steps) - loss: 1.2019 (policy: 1.0845, value: 0.4698)
  Training time: 0.9s
Gating phase:
  Challenger: 2W-2L-16D (win rate 50.00%, threshold 55%)
  -> Champion retained
  Gating time: 372.5s
Saved checkpoint: results/sgd_gate_run/model_iter_100.pt
  Iteration total: 501.8s

============================================================
Iteration 101/2999
============================================================
Self-play phase:
  Self-play game 1/25 - 48 moves
  Self-play game 2/25 - 40 moves
  Self-play game 3/25 - 54 moves
  Self-play game 4/25 - 76 moves
  Self-play game 5/25 - 26 moves
  Self-play game 6/25 - 68 moves
  Self-play game 7/25 - 37 moves
  Self-play game 8/25 - 40 moves
  Self-play game 9/25 - 126 moves
  Self-play game 10/25 - 17 moves
  Self-play game 11/25 - 18 moves
  Self-play game 12/25 - 35 moves
  Self-play game 13/25 - 18 moves
  Self-play game 14/25 - 48 moves
  Self-play game 15/25 - 60 moves
  Self-play game 16/25 - 47 moves
  Self-play game 17/25 - 81 moves
  Self-play game 18/25 - 52 moves
  Self-play game 19/25 - 49 moves
  Self-play game 20/25 - 42 moves
  Self-play game 21/25 - 20 moves
  Self-play game 22/25 - 26 moves
  Self-play game 23/25 - 41 moves
  Self-play game 24/25 - 30 moves
  Self-play game 25/25 - 38 moves
  Collected 1137 samples (avg game length: 45.5)
  Illegal-argmax rate: 16.71%, mean illegal mass: 0.2608
  Self-play time: 158.4s
  Skipped 5 drawn games, keeping 910/1137 samples
  Replay buffer: 30000/30000 samples
Training phase:
    Chunk 1/3 (50 steps) - loss: 1.2175 (policy: 1.0954, value: 0.4884)
    Chunk 2/3 (50 steps) - loss: 1.2141 (policy: 1.0886, value: 0.5021)
    Chunk 3/3 (50 steps) - loss: 1.2864 (policy: 1.1660, value: 0.4816)
  Training time: 1.1s
Gating phase:
  Challenger: 9W-3L-8D (win rate 65.00%, threshold 55%)
  -> Challenger PROMOTED to best_model
  Gating time: 371.1s
Saved checkpoint: results/sgd_gate_run/model_iter_101.pt
  Iteration total: 534.7s

============================================================
Iteration 102/2999
============================================================
Self-play phase:
  Self-play game 1/25 - 52 moves
  Self-play game 2/25 - 12 moves
  Self-play game 3/25 - 23 moves
  Self-play game 4/25 - 68 moves
  Self-play game 5/25 - 17 moves
  Self-play game 6/25 - 28 moves
  Self-play game 7/25 - 17 moves
  Self-play game 8/25 - 17 moves
  Self-play game 9/25 - 24 moves
  Self-play game 10/25 - 53 moves
  Self-play game 11/25 - 46 moves
  Self-play game 12/25 - 37 moves
  Self-play game 13/25 - 14 moves
  Self-play game 14/25 - 39 moves
  Self-play game 15/25 - 19 moves
  Self-play game 16/25 - 52 moves
  Self-play game 17/25 - 113 moves
  Self-play game 18/25 - 91 moves
  Self-play game 19/25 - 25 moves
  Self-play game 20/25 - 21 moves
  Self-play game 21/25 - 48 moves
  Self-play game 22/25 - 41 moves
  Self-play game 23/25 - 75 moves
  Self-play game 24/25 - 48 moves
  Self-play game 25/25 - 117 moves
  Collected 1097 samples (avg game length: 43.9)
  Illegal-argmax rate: 17.41%, mean illegal mass: 0.2505
  Self-play time: 158.1s
  Skipped 4 drawn games, keeping 916/1097 samples
  Replay buffer: 30000/30000 samples
Training phase:
    Chunk 1/3 (50 steps) - loss: 1.1920 (policy: 1.0690, value: 0.4921)
    Chunk 2/3 (50 steps) - loss: 1.2772 (policy: 1.1521, value: 0.5003)
    Chunk 3/3 (50 steps) - loss: 1.2112 (policy: 1.0852, value: 0.5038)
  Training time: 1.1s
Gating phase:
  Challenger: 0W-14L-6D (win rate 15.00%, threshold 55%)
  -> Champion retained
  Gating time: 304.0s
Saved checkpoint: results/sgd_gate_run/model_iter_102.pt
  Iteration total: 467.0s

============================================================
Iteration 103/2999
============================================================
Self-play phase:
  Self-play game 1/25 - 65 moves
  Self-play game 2/25 - 73 moves
  Self-play game 3/25 - 84 moves
  Self-play game 4/25 - 40 moves
  Self-play game 5/25 - 69 moves
  Self-play game 6/25 - 24 moves
  Self-play game 7/25 - 10 moves
  Self-play game 8/25 - 91 moves
  Self-play game 9/25 - 20 moves
  Self-play game 10/25 - 37 moves
  Self-play game 11/25 - 27 moves
  Self-play game 12/25 - 17 moves
  Self-play game 13/25 - 64 moves
  Self-play game 14/25 - 13 moves
  Self-play game 15/25 - 20 moves
  Self-play game 16/25 - 15 moves
  Self-play game 17/25 - 18 moves
  Self-play game 18/25 - 58 moves
  Self-play game 19/25 - 83 moves
  Self-play game 20/25 - 22 moves
  Self-play game 21/25 - 10 moves
  Self-play game 22/25 - 63 moves
  Self-play game 23/25 - 75 moves
  Self-play game 24/25 - 13 moves
  Self-play game 25/25 - 13 moves
  Collected 1024 samples (avg game length: 41.0)
  Illegal-argmax rate: 20.61%, mean illegal mass: 0.2743
  Self-play time: 144.7s
  Skipped 4 drawn games, keeping 748/1024 samples
  Replay buffer: 30000/30000 samples
Training phase:
    Chunk 1/3 (50 steps) - loss: 1.2544 (policy: 1.1314, value: 0.4922)
    Chunk 2/3 (50 steps) - loss: 1.2904 (policy: 1.1676, value: 0.4913)
    Chunk 3/3 (50 steps) - loss: 1.2429 (policy: 1.1206, value: 0.4892)
  Training time: 1.2s
Gating phase:
  Challenger: 5W-5L-10D (win rate 50.00%, threshold 55%)
  -> Champion retained
  Gating time: 301.0s
Saved checkpoint: results/sgd_gate_run/model_iter_103.pt
  Iteration total: 450.7s

============================================================
Iteration 104/2999
============================================================
Self-play phase:
  Self-play game 1/25 - 20 moves
  Self-play game 2/25 - 24 moves
  Self-play game 3/25 - 34 moves
  Self-play game 4/25 - 11 moves
  Self-play game 5/25 - 39 moves
  Self-play game 6/25 - 30 moves
  Self-play game 7/25 - 77 moves
  Self-play game 8/25 - 17 moves
  Self-play game 9/25 - 47 moves
  Self-play game 10/25 - 86 moves
  Self-play game 11/25 - 12 moves
  Self-play game 12/25 - 52 moves
  Self-play game 13/25 - 55 moves
  Self-play game 14/25 - 40 moves
  Self-play game 15/25 - 15 moves
  Self-play game 16/25 - 52 moves
  Self-play game 17/25 - 78 moves
  Self-play game 18/25 - 25 moves
  Self-play game 19/25 - 35 moves
  Self-play game 20/25 - 43 moves
  Self-play game 21/25 - 12 moves
  Self-play game 22/25 - 18 moves
  Self-play game 23/25 - 61 moves
  Self-play game 24/25 - 57 moves
  Self-play game 25/25 - 75 moves
  Collected 1015 samples (avg game length: 40.6)
  Illegal-argmax rate: 14.68%, mean illegal mass: 0.2328
  Self-play time: 142.8s
  Skipped 5 drawn games, keeping 718/1015 samples
  Replay buffer: 30000/30000 samples
Training phase:
    Chunk 1/3 (50 steps) - loss: 1.2961 (policy: 1.1736, value: 0.4902)
    Chunk 2/3 (50 steps) - loss: 1.2393 (policy: 1.1141, value: 0.5011)
    Chunk 3/3 (50 steps) - loss: 1.1358 (policy: 1.0167, value: 0.4762)
  Training time: 1.2s
Gating phase:
  Challenger: 6W-4L-10D (win rate 55.00%, threshold 55%)
  -> Challenger PROMOTED to best_model
  Gating time: 334.6s
Saved checkpoint: results/sgd_gate_run/model_iter_104.pt
  Iteration total: 482.7s

============================================================
Iteration 105/2999
============================================================
Self-play phase:
  Self-play game 1/25 - 85 moves
  Self-play game 2/25 - 47 moves
  Self-play game 3/25 - 63 moves
  Self-play game 4/25 - 9 moves
  Self-play game 5/25 - 18 moves
  Self-play game 6/25 - 52 moves
  Self-play game 7/25 - 55 moves
  Self-play game 8/25 - 48 moves
  Self-play game 9/25 - 52 moves
  Self-play game 10/25 - 55 moves
  Self-play game 11/25 - 84 moves
  Self-play game 12/25 - 22 moves
  Self-play game 13/25 - 13 moves
  Self-play game 14/25 - 41 moves
  Self-play game 15/25 - 35 moves
  Self-play game 16/25 - 70 moves
  Self-play game 17/25 - 59 moves
  Self-play game 18/25 - 66 moves
  Self-play game 19/25 - 41 moves
  Self-play game 20/25 - 87 moves
  Self-play game 21/25 - 38 moves
  Self-play game 22/25 - 11 moves
  Self-play game 23/25 - 57 moves
  Self-play game 24/25 - 37 moves
  Self-play game 25/25 - 86 moves
  Collected 1231 samples (avg game length: 49.2)
  Illegal-argmax rate: 21.77%, mean illegal mass: 0.2852
  Self-play time: 175.1s
  Skipped 5 drawn games, keeping 939/1231 samples
  Replay buffer: 30000/30000 samples
Training phase:
    Chunk 1/3 (50 steps) - loss: 1.2974 (policy: 1.1693, value: 0.5124)
    Chunk 2/3 (50 steps) - loss: 1.1818 (policy: 1.0561, value: 0.5026)
    Chunk 3/3 (50 steps) - loss: 1.2658 (policy: 1.1420, value: 0.4948)
  Training time: 1.3s
Gating phase:
  Challenger: 9W-2L-9D (win rate 67.50%, threshold 55%)
  -> Challenger PROMOTED to best_model
  Gating time: 319.4s
Saved checkpoint: results/sgd_gate_run/model_iter_105.pt
  Iteration total: 499.7s

============================================================
Iteration 106/2999
============================================================
Self-play phase:
  Self-play game 1/25 - 86 moves
  Self-play game 2/25 - 137 moves
  Self-play game 3/25 - 5 moves
  Self-play game 4/25 - 75 moves
  Self-play game 5/25 - 16 moves
  Self-play game 6/25 - 5 moves
  Self-play game 7/25 - 42 moves
  Self-play game 8/25 - 33 moves
  Self-play game 9/25 - 38 moves
  Self-play game 10/25 - 37 moves
  Self-play game 11/25 - 72 moves
  Self-play game 12/25 - 34 moves
  Self-play game 13/25 - 76 moves
  Self-play game 14/25 - 102 moves
  Self-play game 15/25 - 16 moves
  Self-play game 16/25 - 65 moves
  Self-play game 17/25 - 26 moves
  Self-play game 18/25 - 21 moves
  Self-play game 19/25 - 45 moves
  Self-play game 20/25 - 113 moves
  Self-play game 21/25 - 51 moves
  Self-play game 22/25 - 41 moves
  Self-play game 23/25 - 18 moves
  Self-play game 24/25 - 9 moves
  Self-play game 25/25 - 87 moves
  Collected 1250 samples (avg game length: 50.0)
  Illegal-argmax rate: 19.60%, mean illegal mass: 0.2653
  Self-play time: 177.8s
  Skipped 3 drawn games, keeping 993/1250 samples
  Replay buffer: 30000/30000 samples
Training phase:
    Chunk 1/3 (50 steps) - loss: 1.2419 (policy: 1.1164, value: 0.5020)
    Chunk 2/3 (50 steps) - loss: 1.2882 (policy: 1.1659, value: 0.4891)
    Chunk 3/3 (50 steps) - loss: 1.1564 (policy: 1.0371, value: 0.4775)
  Training time: 1.2s
Gating phase:
  Challenger: 3W-3L-14D (win rate 50.00%, threshold 55%)
  -> Champion retained
  Gating time: 363.3s
Saved checkpoint: results/sgd_gate_run/model_iter_106.pt
  Iteration total: 546.4s

============================================================
Iteration 107/2999
============================================================
Self-play phase:
  Self-play game 1/25 - 8 moves
  Self-play game 2/25 - 23 moves
  Self-play game 3/25 - 49 moves
  Self-play game 4/25 - 108 moves
  Self-play game 5/25 - 8 moves
  Self-play game 6/25 - 54 moves
  Self-play game 7/25 - 75 moves
  Self-play game 8/25 - 126 moves
  Self-play game 9/25 - 75 moves
  Self-play game 10/25 - 37 moves
  Self-play game 11/25 - 45 moves
  Self-play game 12/25 - 80 moves
  Self-play game 13/25 - 16 moves
  Self-play game 14/25 - 11 moves
  Self-play game 15/25 - 66 moves
  Self-play game 16/25 - 17 moves
  Self-play game 17/25 - 74 moves
  Self-play game 18/25 - 50 moves
  Self-play game 19/25 - 33 moves
  Self-play game 20/25 - 24 moves
  Self-play game 21/25 - 40 moves
  Self-play game 22/25 - 27 moves
  Self-play game 23/25 - 26 moves
  Self-play game 24/25 - 62 moves
  Self-play game 25/25 - 47 moves
  Collected 1181 samples (avg game length: 47.2)
  Illegal-argmax rate: 19.14%, mean illegal mass: 0.2731
  Self-play time: 173.6s
  Skipped 7 drawn games, keeping 774/1181 samples
  Replay buffer: 30000/30000 samples
Training phase:
    Chunk 1/3 (50 steps) - loss: 1.2372 (policy: 1.1128, value: 0.4979)
    Chunk 2/3 (50 steps) - loss: 1.2442 (policy: 1.1216, value: 0.4905)
    Chunk 3/3 (50 steps) - loss: 1.3077 (policy: 1.1824, value: 0.5014)
  Training time: 1.3s
Gating phase:
  Challenger: 4W-1L-15D (win rate 57.50%, threshold 55%)
  -> Challenger PROMOTED to best_model
  Gating time: 317.8s
Saved checkpoint: results/sgd_gate_run/model_iter_107.pt
  Iteration total: 496.5s

============================================================
Iteration 108/2999
============================================================
Self-play phase:
  Self-play game 1/25 - 13 moves
  Self-play game 2/25 - 62 moves
  Self-play game 3/25 - 20 moves
  Self-play game 4/25 - 103 moves
  Self-play game 5/25 - 45 moves
  Self-play game 6/25 - 54 moves
  Self-play game 7/25 - 10 moves
  Self-play game 8/25 - 47 moves
  Self-play game 9/25 - 36 moves
  Self-play game 10/25 - 56 moves
  Self-play game 11/25 - 18 moves
  Self-play game 12/25 - 51 moves
  Self-play game 13/25 - 30 moves
  Self-play game 14/25 - 64 moves
  Self-play game 15/25 - 47 moves
  Self-play game 16/25 - 30 moves
  Self-play game 17/25 - 35 moves
  Self-play game 18/25 - 21 moves
  Self-play game 19/25 - 72 moves
  Self-play game 20/25 - 15 moves
  Self-play game 21/25 - 81 moves
  Self-play game 22/25 - 21 moves
  Self-play game 23/25 - 51 moves
  Self-play game 24/25 - 13 moves
  Self-play game 25/25 - 19 moves
  Collected 1014 samples (avg game length: 40.6)
  Illegal-argmax rate: 18.54%, mean illegal mass: 0.2636
  Self-play time: 147.8s
  Skipped 3 drawn games, keeping 843/1014 samples
  Replay buffer: 30000/30000 samples
Training phase:
    Chunk 1/3 (50 steps) - loss: 1.3133 (policy: 1.1850, value: 0.5132)
    Chunk 2/3 (50 steps) - loss: 1.2547 (policy: 1.1255, value: 0.5167)
    Chunk 3/3 (50 steps) - loss: 1.3136 (policy: 1.1876, value: 0.5042)
  Training time: 1.3s
Gating phase:
  Challenger: 3W-1L-16D (win rate 55.00%, threshold 55%)
  -> Challenger PROMOTED to best_model
  Gating time: 389.6s
Saved checkpoint: results/sgd_gate_run/model_iter_108.pt
  Iteration total: 542.4s

============================================================
Iteration 109/2999
============================================================
Self-play phase:
  Self-play game 1/25 - 39 moves
  Self-play game 2/25 - 74 moves
  Self-play game 3/25 - 44 moves
  Self-play game 4/25 - 43 moves
  Self-play game 5/25 - 45 moves
  Self-play game 6/25 - 75 moves
  Self-play game 7/25 - 15 moves
  Self-play game 8/25 - 66 moves
  Self-play game 9/25 - 44 moves
  Self-play game 10/25 - 19 moves
  Self-play game 11/25 - 12 moves
  Self-play game 12/25 - 19 moves
  Self-play game 13/25 - 35 moves
  Self-play game 14/25 - 91 moves
  Self-play game 15/25 - 27 moves
  Self-play game 16/25 - 47 moves
  Self-play game 17/25 - 53 moves
  Self-play game 18/25 - 23 moves
  Self-play game 19/25 - 61 moves
  Self-play game 20/25 - 46 moves
  Self-play game 21/25 - 15 moves
  Self-play game 22/25 - 60 moves
  Self-play game 23/25 - 78 moves
  Self-play game 24/25 - 30 moves
  Self-play game 25/25 - 73 moves
  Collected 1134 samples (avg game length: 45.4)
  Illegal-argmax rate: 19.75%, mean illegal mass: 0.2696
  Self-play time: 164.3s
  Skipped 5 drawn games, keeping 879/1134 samples
  Replay buffer: 30000/30000 samples
Training phase:
    Chunk 1/3 (50 steps) - loss: 1.2437 (policy: 1.1199, value: 0.4952)
    Chunk 2/3 (50 steps) - loss: 1.2111 (policy: 1.0819, value: 0.5168)
    Chunk 3/3 (50 steps) - loss: 1.1768 (policy: 1.0477, value: 0.5163)
  Training time: 1.3s
Gating phase:
  Challenger: 4W-7L-9D (win rate 42.50%, threshold 55%)
  -> Champion retained
  Gating time: 359.7s
Saved checkpoint: results/sgd_gate_run/model_iter_109.pt
  Iteration total: 529.3s

============================================================
Iteration 110/2999
============================================================
Self-play phase:
  Self-play game 1/25 - 73 moves
  Self-play game 2/25 - 52 moves
  Self-play game 3/25 - 28 moves
  Self-play game 4/25 - 26 moves
  Self-play game 5/25 - 45 moves
  Self-play game 6/25 - 60 moves
  Self-play game 7/25 - 32 moves
  Self-play game 8/25 - 80 moves
  Self-play game 9/25 - 90 moves
  Self-play game 10/25 - 13 moves
  Self-play game 11/25 - 43 moves
  Self-play game 12/25 - 84 moves
  Self-play game 13/25 - 51 moves
  Self-play game 14/25 - 13 moves
  Self-play game 15/25 - 51 moves
  Self-play game 16/25 - 74 moves
  Self-play game 17/25 - 60 moves
  Self-play game 18/25 - 35 moves
  Self-play game 19/25 - 9 moves
  Self-play game 20/25 - 54 moves
  Self-play game 21/25 - 12 moves
  Self-play game 22/25 - 89 moves
  Self-play game 23/25 - 25 moves
  Self-play game 24/25 - 45 moves
  Self-play game 25/25 - 52 moves
  Collected 1196 samples (avg game length: 47.8)
  Illegal-argmax rate: 17.14%, mean illegal mass: 0.2570
  Self-play time: 167.3s
  Skipped 9 drawn games, keeping 660/1196 samples
  Replay buffer: 30000/30000 samples
Training phase:
    Chunk 1/3 (50 steps) - loss: 1.2799 (policy: 1.1533, value: 0.5064)
    Chunk 2/3 (50 steps) - loss: 1.2758 (policy: 1.1487, value: 0.5081)
    Chunk 3/3 (50 steps) - loss: 1.1818 (policy: 1.0538, value: 0.5120)
  Training time: 1.2s
Gating phase:
  Challenger: 6W-3L-11D (win rate 57.50%, threshold 55%)
  -> Challenger PROMOTED to best_model
  Gating time: 320.1s
Saved checkpoint: results/sgd_gate_run/model_iter_110.pt
  Iteration total: 492.4s

============================================================
Iteration 111/2999
============================================================
Self-play phase:
  Self-play game 1/25 - 88 moves
  Self-play game 2/25 - 29 moves
  Self-play game 3/25 - 15 moves
  Self-play game 4/25 - 46 moves
  Self-play game 5/25 - 89 moves
  Self-play game 6/25 - 32 moves
  Self-play game 7/25 - 22 moves
  Self-play game 8/25 - 73 moves
  Self-play game 9/25 - 50 moves
  Self-play game 10/25 - 22 moves
  Self-play game 11/25 - 40 moves
  Self-play game 12/25 - 41 moves
  Self-play game 13/25 - 10 moves
  Self-play game 14/25 - 37 moves
  Self-play game 15/25 - 139 moves
  Self-play game 16/25 - 39 moves
  Self-play game 17/25 - 50 moves
  Self-play game 18/25 - 14 moves
  Self-play game 19/25 - 75 moves
  Self-play game 20/25 - 11 moves
  Self-play game 21/25 - 21 moves
  Self-play game 22/25 - 7 moves
  Self-play game 23/25 - 49 moves
  Self-play game 24/25 - 23 moves
  Self-play game 25/25 - 14 moves
  Collected 1036 samples (avg game length: 41.4)
  Illegal-argmax rate: 18.44%, mean illegal mass: 0.2505
  Self-play time: 146.5s
  Skipped 2 drawn games, keeping 883/1036 samples
  Replay buffer: 30000/30000 samples
Training phase:
    Chunk 1/3 (50 steps) - loss: 1.2168 (policy: 1.0888, value: 0.5123)
    Chunk 2/3 (50 steps) - loss: 1.2615 (policy: 1.1339, value: 0.5102)
    Chunk 3/3 (50 steps) - loss: 1.2302 (policy: 1.1066, value: 0.4944)
  Training time: 1.3s
Gating phase:
  Challenger: 3W-1L-16D (win rate 55.00%, threshold 55%)
  -> Challenger PROMOTED to best_model
  Gating time: 405.4s
Saved checkpoint: results/sgd_gate_run/model_iter_111.pt
  Iteration total: 557.1s

============================================================
Iteration 112/2999
============================================================
Self-play phase:
  Self-play game 1/25 - 46 moves
  Self-play game 2/25 - 23 moves
  Self-play game 3/25 - 26 moves
  Self-play game 4/25 - 34 moves
  Self-play game 5/25 - 32 moves
  Self-play game 6/25 - 59 moves
  Self-play game 7/25 - 80 moves
  Self-play game 8/25 - 13 moves
  Self-play game 9/25 - 7 moves
  Self-play game 10/25 - 53 moves
  Self-play game 11/25 - 69 moves
  Self-play game 12/25 - 11 moves
  Self-play game 13/25 - 36 moves
  Self-play game 14/25 - 58 moves
  Self-play game 15/25 - 29 moves
  Self-play game 16/25 - 20 moves
  Self-play game 17/25 - 20 moves
  Self-play game 18/25 - 39 moves
  Self-play game 19/25 - 99 moves
  Self-play game 20/25 - 28 moves
  Self-play game 21/25 - 48 moves
  Self-play game 22/25 - 93 moves
  Self-play game 23/25 - 76 moves
  Self-play game 24/25 - 71 moves
  Self-play game 25/25 - 31 moves
  Collected 1101 samples (avg game length: 44.0)
  Illegal-argmax rate: 16.17%, mean illegal mass: 0.2345
  Self-play time: 160.7s
  Skipped 9 drawn games, keeping 582/1101 samples
  Replay buffer: 30000/30000 samples
Training phase:
    Chunk 1/3 (50 steps) - loss: 1.3516 (policy: 1.2246, value: 0.5082)
    Chunk 2/3 (50 steps) - loss: 1.2644 (policy: 1.1350, value: 0.5177)
    Chunk 3/3 (50 steps) - loss: 1.3106 (policy: 1.1813, value: 0.5171)
  Training time: 1.3s
Gating phase:
  Challenger: 4W-3L-13D (win rate 52.50%, threshold 55%)
  -> Champion retained
  Gating time: 185.3s
Saved checkpoint: results/sgd_gate_run/model_iter_112.pt
  Iteration total: 351.0s

============================================================
Iteration 113/2999
============================================================
Self-play phase:
  Self-play game 1/25 - 33 moves
  Self-play game 2/25 - 33 moves
  Self-play game 3/25 - 81 moves
  Self-play game 4/25 - 43 moves
  Self-play game 5/25 - 86 moves
  Self-play game 6/25 - 40 moves
  Self-play game 7/25 - 78 moves
  Self-play game 8/25 - 35 moves
  Self-play game 9/25 - 50 moves
  Self-play game 10/25 - 12 moves
  Self-play game 11/25 - 58 moves
  Self-play game 12/25 - 7 moves
  Self-play game 13/25 - 14 moves
  Self-play game 14/25 - 53 moves
  Self-play game 15/25 - 18 moves
  Self-play game 16/25 - 59 moves
  Self-play game 17/25 - 57 moves
  Self-play game 18/25 - 38 moves
  Self-play game 19/25 - 54 moves
  Self-play game 20/25 - 87 moves
  Self-play game 21/25 - 18 moves
  Self-play game 22/25 - 95 moves
  Self-play game 23/25 - 39 moves
  Self-play game 24/25 - 49 moves
  Self-play game 25/25 - 59 moves
  Collected 1196 samples (avg game length: 47.8)
  Illegal-argmax rate: 18.98%, mean illegal mass: 0.2577
  Self-play time: 162.8s
  Skipped 6 drawn games, keeping 855/1196 samples
  Replay buffer: 30000/30000 samples
Training phase:
    Chunk 1/3 (50 steps) - loss: 1.2973 (policy: 1.1719, value: 0.5016)
    Chunk 2/3 (50 steps) - loss: 1.2450 (policy: 1.1155, value: 0.5178)
    Chunk 3/3 (50 steps) - loss: 1.1844 (policy: 1.0594, value: 0.5003)
  Training time: 1.2s
Gating phase:
  Challenger: 0W-3L-17D (win rate 42.50%, threshold 55%)
  -> Champion retained
  Gating time: 296.7s
Saved checkpoint: results/sgd_gate_run/model_iter_113.pt
  Iteration total: 464.8s

============================================================
Iteration 114/2999
============================================================
Self-play phase:
  Self-play game 1/25 - 46 moves
  Self-play game 2/25 - 61 moves
  Self-play game 3/25 - 11 moves
  Self-play game 4/25 - 22 moves
  Self-play game 5/25 - 81 moves
  Self-play game 6/25 - 21 moves
  Self-play game 7/25 - 70 moves
  Self-play game 8/25 - 29 moves
  Self-play game 9/25 - 65 moves
  Self-play game 10/25 - 40 moves
  Self-play game 11/25 - 55 moves
  Self-play game 12/25 - 31 moves
  Self-play game 13/25 - 23 moves
  Self-play game 14/25 - 30 moves
  Self-play game 15/25 - 14 moves
  Self-play game 16/25 - 12 moves
  Self-play game 17/25 - 11 moves
  Self-play game 18/25 - 43 moves
  Self-play game 19/25 - 9 moves
  Self-play game 20/25 - 41 moves
  Self-play game 21/25 - 53 moves
  Self-play game 22/25 - 45 moves
  Self-play game 23/25 - 46 moves
  Self-play game 24/25 - 44 moves
  Self-play game 25/25 - 12 moves
  Collected 915 samples (avg game length: 36.6)
  Illegal-argmax rate: 18.36%, mean illegal mass: 0.2559
  Self-play time: 130.7s
  Skipped 4 drawn games, keeping 722/915 samples
  Replay buffer: 30000/30000 samples
Training phase:
    Chunk 1/3 (50 steps) - loss: 1.2869 (policy: 1.1550, value: 0.5277)
    Chunk 2/3 (50 steps) - loss: 1.2633 (policy: 1.1347, value: 0.5145)
    Chunk 3/3 (50 steps) - loss: 1.2226 (policy: 1.0911, value: 0.5260)
  Training time: 1.3s
Gating phase:
  Challenger: 1W-4L-15D (win rate 42.50%, threshold 55%)
  -> Champion retained
  Gating time: 358.3s
Saved checkpoint: results/sgd_gate_run/model_iter_114.pt
  Iteration total: 494.1s

============================================================
Iteration 115/2999
============================================================
Self-play phase:
  Self-play game 1/25 - 70 moves
  Self-play game 2/25 - 43 moves
  Self-play game 3/25 - 29 moves
  Self-play game 4/25 - 45 moves
  Self-play game 5/25 - 54 moves
  Self-play game 6/25 - 14 moves
  Self-play game 7/25 - 96 moves
  Self-play game 8/25 - 53 moves
  Self-play game 9/25 - 11 moves
  Self-play game 10/25 - 36 moves
  Self-play game 11/25 - 47 moves
  Self-play game 12/25 - 14 moves
  Self-play game 13/25 - 55 moves
  Self-play game 14/25 - 24 moves
  Self-play game 15/25 - 79 moves
  Self-play game 16/25 - 41 moves
  Self-play game 17/25 - 48 moves
  Self-play game 18/25 - 17 moves
  Self-play game 19/25 - 55 moves
  Self-play game 20/25 - 59 moves
  Self-play game 21/25 - 74 moves
  Self-play game 22/25 - 15 moves
  Self-play game 23/25 - 75 moves
  Self-play game 24/25 - 17 moves
  Self-play game 25/25 - 23 moves
  Collected 1094 samples (avg game length: 43.8)
  Illegal-argmax rate: 20.38%, mean illegal mass: 0.2848
  Self-play time: 146.0s
  Skipped 4 drawn games, keeping 950/1094 samples
  Replay buffer: 30000/30000 samples
Training phase:
  LR annealed to 0.001 (milestones: [115, 170])
    Chunk 1/3 (50 steps) - loss: 1.2314 (policy: 1.1051, value: 0.5051)
    Chunk 2/3 (50 steps) - loss: 1.1699 (policy: 1.0388, value: 0.5246)
    Chunk 3/3 (50 steps) - loss: 1.1452 (policy: 1.0158, value: 0.5176)
  Training time: 1.3s
Gating phase:
  Challenger: 7W-4L-9D (win rate 57.50%, threshold 55%)
  -> Challenger PROMOTED to best_model
  Gating time: 326.6s
Saved checkpoint: results/sgd_gate_run/model_iter_115.pt
  Iteration total: 477.7s

============================================================
Iteration 116/2999
============================================================
Self-play phase:
  Self-play game 1/25 - 81 moves
  Self-play game 2/25 - 49 moves
  Self-play game 3/25 - 9 moves
  Self-play game 4/25 - 56 moves
  Self-play game 5/25 - 16 moves
  Self-play game 6/25 - 23 moves
  Self-play game 7/25 - 76 moves
  Self-play game 8/25 - 31 moves
  Self-play game 9/25 - 58 moves
  Self-play game 10/25 - 75 moves
  Self-play game 11/25 - 48 moves
  Self-play game 12/25 - 19 moves
  Self-play game 13/25 - 85 moves
  Self-play game 14/25 - 30 moves
  Self-play game 15/25 - 59 moves
  Self-play game 16/25 - 61 moves
  Self-play game 17/25 - 46 moves
  Self-play game 18/25 - 47 moves
  Self-play game 19/25 - 49 moves
  Self-play game 20/25 - 58 moves
  Self-play game 21/25 - 81 moves
  Self-play game 22/25 - 13 moves
  Self-play game 23/25 - 72 moves
  Self-play game 24/25 - 36 moves
  Self-play game 25/25 - 78 moves
  Collected 1256 samples (avg game length: 50.2)
  Illegal-argmax rate: 19.19%, mean illegal mass: 0.2561
  Self-play time: 168.8s
  Skipped 5 drawn games, keeping 893/1256 samples
  Replay buffer: 30000/30000 samples
Training phase:
  LR annealed to 0.001 (milestones: [115, 170])
    Chunk 1/3 (50 steps) - loss: 1.2718 (policy: 1.1433, value: 0.5138)
    Chunk 2/3 (50 steps) - loss: 1.1542 (policy: 1.0259, value: 0.5131)
    Chunk 3/3 (50 steps) - loss: 1.1771 (policy: 1.0489, value: 0.5127)
  Training time: 1.2s
Gating phase:
  Challenger: 10W-6L-4D (win rate 60.00%, threshold 55%)
  -> Challenger PROMOTED to best_model
  Gating time: 315.5s
Saved checkpoint: results/sgd_gate_run/model_iter_116.pt
  Iteration total: 489.4s

============================================================
Iteration 117/2999
============================================================
Self-play phase:
  Self-play game 1/25 - 46 moves
  Self-play game 2/25 - 65 moves
  Self-play game 3/25 - 48 moves
  Self-play game 4/25 - 37 moves
  Self-play game 5/25 - 24 moves
  Self-play game 6/25 - 21 moves
  Self-play game 7/25 - 16 moves
  Self-play game 8/25 - 42 moves
  Self-play game 9/25 - 24 moves
  Self-play game 10/25 - 84 moves
  Self-play game 11/25 - 34 moves
  Self-play game 12/25 - 32 moves
  Self-play game 13/25 - 28 moves
  Self-play game 14/25 - 19 moves
  Self-play game 15/25 - 45 moves
  Self-play game 16/25 - 27 moves
  Self-play game 17/25 - 96 moves
  Self-play game 18/25 - 71 moves
  Self-play game 19/25 - 51 moves
  Self-play game 20/25 - 115 moves
  Self-play game 21/25 - 22 moves
  Self-play game 22/25 - 9 moves
  Self-play game 23/25 - 46 moves
  Self-play game 24/25 - 15 moves
  Self-play game 25/25 - 24 moves
  Collected 1041 samples (avg game length: 41.6)
  Illegal-argmax rate: 15.08%, mean illegal mass: 0.2229
  Self-play time: 149.8s
  Skipped 5 drawn games, keeping 755/1041 samples
  Replay buffer: 30000/30000 samples
Training phase:
  LR annealed to 0.001 (milestones: [115, 170])
    Chunk 1/3 (50 steps) - loss: 1.2163 (policy: 1.0873, value: 0.5162)
    Chunk 2/3 (50 steps) - loss: 1.2317 (policy: 1.1081, value: 0.4943)
    Chunk 3/3 (50 steps) - loss: 1.2507 (policy: 1.1248, value: 0.5039)
  Training time: 1.1s
Gating phase:
  Challenger: 4W-2L-14D (win rate 55.00%, threshold 55%)
  -> Challenger PROMOTED to best_model
  Gating time: 317.7s
Saved checkpoint: results/sgd_gate_run/model_iter_117.pt
  Iteration total: 472.5s

============================================================
Iteration 118/2999
============================================================
Self-play phase:
  Self-play game 1/25 - 50 moves
  Self-play game 2/25 - 7 moves
  Self-play game 3/25 - 33 moves
  Self-play game 4/25 - 38 moves
  Self-play game 5/25 - 38 moves
  Self-play game 6/25 - 23 moves
  Self-play game 7/25 - 18 moves
  Self-play game 8/25 - 39 moves
  Self-play game 9/25 - 11 moves
  Self-play game 10/25 - 15 moves
  Self-play game 11/25 - 26 moves
  Self-play game 12/25 - 25 moves
  Self-play game 13/25 - 152 moves
  Self-play game 14/25 - 73 moves
  Self-play game 15/25 - 22 moves
  Self-play game 16/25 - 49 moves
  Self-play game 17/25 - 83 moves
  Self-play game 18/25 - 106 moves
  Self-play game 19/25 - 8 moves
  Self-play game 20/25 - 43 moves
  Self-play game 21/25 - 91 moves
  Self-play game 22/25 - 89 moves
  Self-play game 23/25 - 71 moves
  Self-play game 24/25 - 53 moves
  Self-play game 25/25 - 49 moves
  Collected 1212 samples (avg game length: 48.5)
  Illegal-argmax rate: 16.42%, mean illegal mass: 0.2419
  Self-play time: 181.0s
  Skipped 3 drawn games, keeping 1017/1212 samples
  Replay buffer: 30000/30000 samples
Training phase:
  LR annealed to 0.001 (milestones: [115, 170])
    Chunk 1/3 (50 steps) - loss: 1.2541 (policy: 1.1245, value: 0.5185)
    Chunk 2/3 (50 steps) - loss: 1.2160 (policy: 1.0835, value: 0.5300)
    Chunk 3/3 (50 steps) - loss: 1.2894 (policy: 1.1565, value: 0.5318)
  Training time: 0.9s
Gating phase:
  Challenger: 7W-2L-11D (win rate 62.50%, threshold 55%)
  -> Challenger PROMOTED to best_model
  Gating time: 333.8s
Saved checkpoint: results/sgd_gate_run/model_iter_118.pt
  Iteration total: 519.8s

============================================================
Iteration 119/2999
============================================================
Self-play phase:
  Self-play game 1/25 - 6 moves
  Self-play game 2/25 - 15 moves
  Self-play game 3/25 - 49 moves
  Self-play game 4/25 - 96 moves
  Self-play game 5/25 - 74 moves
  Self-play game 6/25 - 77 moves
  Self-play game 7/25 - 63 moves
  Self-play game 8/25 - 33 moves
  Self-play game 9/25 - 92 moves
  Self-play game 10/25 - 59 moves
  Self-play game 11/25 - 59 moves
  Self-play game 12/25 - 57 moves
  Self-play game 13/25 - 101 moves
  Self-play game 14/25 - 9 moves
  Self-play game 15/25 - 19 moves
  Self-play game 16/25 - 19 moves
  Self-play game 17/25 - 15 moves
  Self-play game 18/25 - 6 moves
  Self-play game 19/25 - 74 moves
  Self-play game 20/25 - 11 moves
  Self-play game 21/25 - 41 moves
  Self-play game 22/25 - 12 moves
  Self-play game 23/25 - 48 moves
  Self-play game 24/25 - 35 moves
  Self-play game 25/25 - 15 moves
  Collected 1085 samples (avg game length: 43.4)
  Illegal-argmax rate: 16.96%, mean illegal mass: 0.2418
  Self-play time: 151.3s
  Skipped 7 drawn games, keeping 598/1085 samples
  Replay buffer: 30000/30000 samples
Training phase:
  LR annealed to 0.001 (milestones: [115, 170])
    Chunk 1/3 (50 steps) - loss: 1.2098 (policy: 1.0783, value: 0.5261)
    Chunk 2/3 (50 steps) - loss: 1.2229 (policy: 1.0921, value: 0.5232)
    Chunk 3/3 (50 steps) - loss: 1.2424 (policy: 1.1122, value: 0.5211)
  Training time: 1.2s
Gating phase:
  Challenger: 3W-8L-9D (win rate 37.50%, threshold 55%)
  -> Champion retained
  Gating time: 340.4s
Saved checkpoint: results/sgd_gate_run/model_iter_119.pt
  Iteration total: 497.0s

============================================================
Iteration 120/2999
============================================================
Self-play phase:
  Self-play game 1/25 - 30 moves
  Self-play game 2/25 - 42 moves
  Self-play game 3/25 - 114 moves
  Self-play game 4/25 - 71 moves
  Self-play game 5/25 - 55 moves
  Self-play game 6/25 - 24 moves
  Self-play game 7/25 - 10 moves
  Self-play game 8/25 - 29 moves
  Self-play game 9/25 - 55 moves
  Self-play game 10/25 - 41 moves
  Self-play game 11/25 - 21 moves
  Self-play game 12/25 - 67 moves
  Self-play game 13/25 - 11 moves
  Self-play game 14/25 - 20 moves
  Self-play game 15/25 - 26 moves
  Self-play game 16/25 - 39 moves
  Self-play game 17/25 - 44 moves
  Self-play game 18/25 - 97 moves
  Self-play game 19/25 - 25 moves
  Self-play game 20/25 - 33 moves
  Self-play game 21/25 - 88 moves
  Self-play game 22/25 - 69 moves
  Self-play game 23/25 - 55 moves
  Self-play game 24/25 - 69 moves
  Self-play game 25/25 - 38 moves
  Collected 1173 samples (avg game length: 46.9)
  Illegal-argmax rate: 16.11%, mean illegal mass: 0.2254
  Self-play time: 164.0s
  Skipped 4 drawn games, keeping 1045/1173 samples
  Replay buffer: 30000/30000 samples
Training phase:
  LR annealed to 0.001 (milestones: [115, 170])
    Chunk 1/3 (50 steps) - loss: 1.2658 (policy: 1.1390, value: 0.5071)
    Chunk 2/3 (50 steps) - loss: 1.2634 (policy: 1.1354, value: 0.5121)
    Chunk 3/3 (50 steps) - loss: 1.2199 (policy: 1.0930, value: 0.5075)
  Training time: 1.1s
Gating phase:
  Challenger: 4W-6L-10D (win rate 45.00%, threshold 55%)
  -> Champion retained
  Gating time: 350.2s
Saved checkpoint: results/sgd_gate_run/model_iter_120.pt
  Iteration total: 519.2s

============================================================
Iteration 121/2999
============================================================
Self-play phase:
  Self-play game 1/25 - 29 moves
  Self-play game 2/25 - 35 moves
  Self-play game 3/25 - 62 moves
  Self-play game 4/25 - 79 moves
  Self-play game 5/25 - 28 moves
  Self-play game 6/25 - 67 moves
  Self-play game 7/25 - 13 moves
  Self-play game 8/25 - 30 moves
  Self-play game 9/25 - 15 moves
  Self-play game 10/25 - 11 moves
  Self-play game 11/25 - 13 moves
  Self-play game 12/25 - 26 moves
  Self-play game 13/25 - 67 moves
  Self-play game 14/25 - 49 moves
  Self-play game 15/25 - 57 moves
  Self-play game 16/25 - 37 moves
  Self-play game 17/25 - 20 moves
  Self-play game 18/25 - 85 moves
  Self-play game 19/25 - 30 moves
  Self-play game 20/25 - 44 moves
  Self-play game 21/25 - 49 moves
  Self-play game 22/25 - 49 moves
  Self-play game 23/25 - 61 moves
  Self-play game 24/25 - 71 moves
  Self-play game 25/25 - 61 moves
  Collected 1088 samples (avg game length: 43.5)
  Illegal-argmax rate: 16.82%, mean illegal mass: 0.2379
  Self-play time: 148.1s
  Skipped 4 drawn games, keeping 864/1088 samples
  Replay buffer: 30000/30000 samples
Training phase:
  LR annealed to 0.001 (milestones: [115, 170])
    Chunk 1/3 (50 steps) - loss: 1.1950 (policy: 1.0681, value: 0.5078)
    Chunk 2/3 (50 steps) - loss: 1.2496 (policy: 1.1237, value: 0.5040)
    Chunk 3/3 (50 steps) - loss: 1.2412 (policy: 1.1097, value: 0.5262)
  Training time: 1.2s
Gating phase:
  Challenger: 3W-11L-6D (win rate 30.00%, threshold 55%)
  -> Champion retained
  Gating time: 284.0s
Saved checkpoint: results/sgd_gate_run/model_iter_121.pt
  Iteration total: 437.1s

============================================================
Iteration 122/2999
============================================================
Self-play phase:
  Self-play game 1/25 - 30 moves
  Self-play game 2/25 - 16 moves
  Self-play game 3/25 - 21 moves
  Self-play game 4/25 - 17 moves
  Self-play game 5/25 - 24 moves
  Self-play game 6/25 - 13 moves
  Self-play game 7/25 - 48 moves
  Self-play game 8/25 - 9 moves
  Self-play game 9/25 - 20 moves
  Self-play game 10/25 - 27 moves
  Self-play game 11/25 - 32 moves
  Self-play game 12/25 - 70 moves
  Self-play game 13/25 - 33 moves
  Self-play game 14/25 - 77 moves
  Self-play game 15/25 - 141 moves
  Self-play game 16/25 - 11 moves
  Self-play game 17/25 - 11 moves
  Self-play game 18/25 - 31 moves
  Self-play game 19/25 - 37 moves
  Self-play game 20/25 - 50 moves
  Self-play game 21/25 - 53 moves
  Self-play game 22/25 - 65 moves
  Self-play game 23/25 - 137 moves
  Self-play game 24/25 - 45 moves
  Self-play game 25/25 - 60 moves
  Collected 1078 samples (avg game length: 43.1)
  Illegal-argmax rate: 19.02%, mean illegal mass: 0.2597
  Self-play time: 154.8s
  Skipped 4 drawn games, keeping 821/1078 samples
  Replay buffer: 30000/30000 samples
Training phase:
  LR annealed to 0.001 (milestones: [115, 170])
    Chunk 1/3 (50 steps) - loss: 1.2489 (policy: 1.1159, value: 0.5320)
    Chunk 2/3 (50 steps) - loss: 1.2510 (policy: 1.1221, value: 0.5156)
    Chunk 3/3 (50 steps) - loss: 1.2896 (policy: 1.1593, value: 0.5213)
  Training time: 1.3s
Gating phase:
  Challenger: 4W-4L-12D (win rate 50.00%, threshold 55%)
  -> Champion retained
  Gating time: 341.4s
Saved checkpoint: results/sgd_gate_run/model_iter_122.pt
  Iteration total: 501.4s

============================================================
Iteration 123/2999
============================================================
Self-play phase:
  Self-play game 1/25 - 19 moves
  Self-play game 2/25 - 55 moves
  Self-play game 3/25 - 31 moves
  Self-play game 4/25 - 65 moves
  Self-play game 5/25 - 17 moves
  Self-play game 6/25 - 8 moves
  Self-play game 7/25 - 19 moves
  Self-play game 8/25 - 60 moves
  Self-play game 9/25 - 55 moves
  Self-play game 10/25 - 35 moves
  Self-play game 11/25 - 62 moves
  Self-play game 12/25 - 26 moves
  Self-play game 13/25 - 17 moves
  Self-play game 14/25 - 51 moves
  Self-play game 15/25 - 38 moves
  Self-play game 16/25 - 68 moves
  Self-play game 17/25 - 95 moves
  Self-play game 18/25 - 68 moves
  Self-play game 19/25 - 58 moves
  Self-play game 20/25 - 21 moves
  Self-play game 21/25 - 64 moves
  Self-play game 22/25 - 72 moves
  Self-play game 23/25 - 37 moves
  Self-play game 24/25 - 56 moves
  Self-play game 25/25 - 21 moves
  Collected 1118 samples (avg game length: 44.7)
  Illegal-argmax rate: 19.14%, mean illegal mass: 0.2678
  Self-play time: 165.4s
  Skipped 1 drawn games, keeping 1050/1118 samples
  Replay buffer: 30000/30000 samples
Training phase:
  LR annealed to 0.001 (milestones: [115, 170])
    Chunk 1/3 (50 steps) - loss: 1.2927 (policy: 1.1643, value: 0.5139)
    Chunk 2/3 (50 steps) - loss: 1.2610 (policy: 1.1284, value: 0.5303)
    Chunk 3/3 (50 steps) - loss: 1.3036 (policy: 1.1689, value: 0.5390)
  Training time: 1.3s
Gating phase:
  Challenger: 9W-7L-4D (win rate 55.00%, threshold 55%)
  -> Challenger PROMOTED to best_model
  Gating time: 297.2s
Saved checkpoint: results/sgd_gate_run/model_iter_123.pt
  Iteration total: 467.7s

============================================================
Iteration 124/2999
============================================================
Self-play phase:
  Self-play game 1/25 - 86 moves
  Self-play game 2/25 - 56 moves
  Self-play game 3/25 - 49 moves
  Self-play game 4/25 - 34 moves
  Self-play game 5/25 - 20 moves
  Self-play game 6/25 - 62 moves
  Self-play game 7/25 - 17 moves
  Self-play game 8/25 - 39 moves
  Self-play game 9/25 - 51 moves
  Self-play game 10/25 - 23 moves
  Self-play game 11/25 - 9 moves
  Self-play game 12/25 - 72 moves
  Self-play game 13/25 - 25 moves
  Self-play game 14/25 - 34 moves
  Self-play game 15/25 - 82 moves
  Self-play game 16/25 - 14 moves
  Self-play game 17/25 - 48 moves
  Self-play game 18/25 - 46 moves
  Self-play game 19/25 - 47 moves
  Self-play game 20/25 - 33 moves
  Self-play game 21/25 - 24 moves
  Self-play game 22/25 - 9 moves
  Self-play game 23/25 - 11 moves
  Self-play game 24/25 - 30 moves
  Self-play game 25/25 - 67 moves
  Collected 988 samples (avg game length: 39.5)
  Illegal-argmax rate: 18.52%, mean illegal mass: 0.2530
  Self-play time: 141.9s
  Skipped 5 drawn games, keeping 670/988 samples
  Replay buffer: 30000/30000 samples
Training phase:
  LR annealed to 0.001 (milestones: [115, 170])
    Chunk 1/3 (50 steps) - loss: 1.3383 (policy: 1.2068, value: 0.5259)
    Chunk 2/3 (50 steps) - loss: 1.2778 (policy: 1.1462, value: 0.5263)
    Chunk 3/3 (50 steps) - loss: 1.2394 (policy: 1.1128, value: 0.5066)
  Training time: 1.2s
Gating phase:
  Challenger: 2W-4L-14D (win rate 45.00%, threshold 55%)
  -> Champion retained
  Gating time: 347.0s
Saved checkpoint: results/sgd_gate_run/model_iter_124.pt
  Iteration total: 494.0s

============================================================
Iteration 125/2999
============================================================
Self-play phase:
  Self-play game 1/25 - 9 moves
  Self-play game 2/25 - 58 moves
  Self-play game 3/25 - 18 moves
  Self-play game 4/25 - 45 moves
  Self-play game 5/25 - 53 moves
  Self-play game 6/25 - 17 moves
  Self-play game 7/25 - 42 moves
  Self-play game 8/25 - 78 moves
  Self-play game 9/25 - 41 moves
  Self-play game 10/25 - 35 moves
  Self-play game 11/25 - 83 moves
  Self-play game 12/25 - 29 moves
  Self-play game 13/25 - 22 moves
  Self-play game 14/25 - 70 moves
  Self-play game 15/25 - 56 moves
  Self-play game 16/25 - 16 moves
  Self-play game 17/25 - 65 moves
  Self-play game 18/25 - 15 moves
  Self-play game 19/25 - 16 moves
  Self-play game 20/25 - 41 moves
  Self-play game 21/25 - 42 moves
  Self-play game 22/25 - 67 moves
  Self-play game 23/25 - 51 moves
  Self-play game 24/25 - 21 moves
  Self-play game 25/25 - 74 moves
  Collected 1064 samples (avg game length: 42.6)
  Illegal-argmax rate: 17.11%, mean illegal mass: 0.2391
  Self-play time: 149.6s
  Skipped 2 drawn games, keeping 985/1064 samples
  Replay buffer: 30000/30000 samples
Training phase:
  LR annealed to 0.001 (milestones: [115, 170])
    Chunk 1/3 (50 steps) - loss: 1.4020 (policy: 1.2749, value: 0.5085)
    Chunk 2/3 (50 steps) - loss: 1.2253 (policy: 1.0976, value: 0.5108)
    Chunk 3/3 (50 steps) - loss: 1.3940 (policy: 1.2623, value: 0.5269)
  Training time: 1.1s
Gating phase:
  Challenger: 7W-4L-9D (win rate 57.50%, threshold 55%)
  -> Challenger PROMOTED to best_model
  Gating time: 342.9s
Saved checkpoint: results/sgd_gate_run/model_iter_125.pt
  Iteration total: 497.7s

============================================================
Iteration 126/2999
============================================================
Self-play phase:
  Self-play game 1/25 - 36 moves
  Self-play game 2/25 - 57 moves
  Self-play game 3/25 - 19 moves
  Self-play game 4/25 - 44 moves
  Self-play game 5/25 - 28 moves
  Self-play game 6/25 - 38 moves
  Self-play game 7/25 - 47 moves
  Self-play game 8/25 - 41 moves
  Self-play game 9/25 - 45 moves
  Self-play game 10/25 - 27 moves
  Self-play game 11/25 - 106 moves
  Self-play game 12/25 - 52 moves
  Self-play game 13/25 - 45 moves
  Self-play game 14/25 - 59 moves
  Self-play game 15/25 - 41 moves
  Self-play game 16/25 - 103 moves
  Self-play game 17/25 - 56 moves
  Self-play game 18/25 - 13 moves
  Self-play game 19/25 - 91 moves
  Self-play game 20/25 - 65 moves
  Self-play game 21/25 - 50 moves
  Self-play game 22/25 - 63 moves
  Self-play game 23/25 - 42 moves
  Self-play game 24/25 - 80 moves
  Self-play game 25/25 - 75 moves
  Collected 1323 samples (avg game length: 52.9)
  Illegal-argmax rate: 15.95%, mean illegal mass: 0.2372
  Self-play time: 192.3s
  Skipped 2 drawn games, keeping 1204/1323 samples
  Replay buffer: 30000/30000 samples
Training phase:
  LR annealed to 0.001 (milestones: [115, 170])
    Chunk 1/3 (50 steps) - loss: 1.3564 (policy: 1.2209, value: 0.5422)
    Chunk 2/3 (50 steps) - loss: 1.3710 (policy: 1.2346, value: 0.5460)
    Chunk 3/3 (50 steps) - loss: 1.3120 (policy: 1.1781, value: 0.5357)
  Training time: 1.3s
Gating phase:
  Challenger: 6W-2L-12D (win rate 60.00%, threshold 55%)
  -> Challenger PROMOTED to best_model
  Gating time: 278.8s
Saved checkpoint: results/sgd_gate_run/model_iter_126.pt
  Iteration total: 476.2s

============================================================
Iteration 127/2999
============================================================
Self-play phase:
  Self-play game 1/25 - 41 moves
  Self-play game 2/25 - 58 moves
  Self-play game 3/25 - 35 moves
  Self-play game 4/25 - 27 moves
  Self-play game 5/25 - 29 moves
  Self-play game 6/25 - 14 moves
  Self-play game 7/25 - 82 moves
  Self-play game 8/25 - 79 moves
  Self-play game 9/25 - 9 moves
  Self-play game 10/25 - 48 moves
  Self-play game 11/25 - 40 moves
  Self-play game 12/25 - 25 moves
  Self-play game 13/25 - 57 moves
  Self-play game 14/25 - 110 moves
  Self-play game 15/25 - 54 moves
  Self-play game 16/25 - 70 moves
  Self-play game 17/25 - 64 moves
  Self-play game 18/25 - 38 moves
  Self-play game 19/25 - 41 moves
  Self-play game 20/25 - 29 moves
  Self-play game 21/25 - 19 moves
  Self-play game 22/25 - 63 moves
  Self-play game 23/25 - 51 moves
  Self-play game 24/25 - 9 moves
  Self-play game 25/25 - 44 moves
  Collected 1136 samples (avg game length: 45.4)
  Illegal-argmax rate: 16.55%, mean illegal mass: 0.2466
  Self-play time: 167.4s
  Skipped 7 drawn games, keeping 718/1136 samples
  Replay buffer: 30000/30000 samples
Training phase:
  LR annealed to 0.001 (milestones: [115, 170])
    Chunk 1/3 (50 steps) - loss: 1.5498 (policy: 1.4174, value: 0.5298)
    Chunk 2/3 (50 steps) - loss: 1.4580 (policy: 1.3220, value: 0.5442)
    Chunk 3/3 (50 steps) - loss: 1.2899 (policy: 1.1551, value: 0.5393)
  Training time: 1.0s
Gating phase:
  Challenger: 0W-5L-15D (win rate 37.50%, threshold 55%)
  -> Champion retained
  Gating time: 286.9s
Saved checkpoint: results/sgd_gate_run/model_iter_127.pt
  Iteration total: 459.3s

============================================================
Iteration 128/2999
============================================================
Self-play phase:
  Self-play game 1/25 - 16 moves
  Self-play game 2/25 - 24 moves
  Self-play game 3/25 - 88 moves
  Self-play game 4/25 - 74 moves
  Self-play game 5/25 - 48 moves
  Self-play game 6/25 - 67 moves
  Self-play game 7/25 - 57 moves
  Self-play game 8/25 - 19 moves
  Self-play game 9/25 - 46 moves
  Self-play game 10/25 - 19 moves
  Self-play game 11/25 - 33 moves
  Self-play game 12/25 - 35 moves
  Self-play game 13/25 - 22 moves
  Self-play game 14/25 - 41 moves
  Self-play game 15/25 - 43 moves
  Self-play game 16/25 - 67 moves
  Self-play game 17/25 - 16 moves
  Self-play game 18/25 - 45 moves
  Self-play game 19/25 - 118 moves
  Self-play game 20/25 - 109 moves
  Self-play game 21/25 - 28 moves
  Self-play game 22/25 - 83 moves
  Self-play game 23/25 - 73 moves
  Self-play game 24/25 - 39 moves
  Self-play game 25/25 - 17 moves
  Collected 1227 samples (avg game length: 49.1)
  Illegal-argmax rate: 17.93%, mean illegal mass: 0.2596
  Self-play time: 169.1s
  Skipped 6 drawn games, keeping 993/1227 samples
  Replay buffer: 30000/30000 samples
Training phase:
  LR annealed to 0.001 (milestones: [115, 170])
    Chunk 1/3 (50 steps) - loss: 1.3423 (policy: 1.2037, value: 0.5544)
    Chunk 2/3 (50 steps) - loss: 1.4057 (policy: 1.2739, value: 0.5273)
    Chunk 3/3 (50 steps) - loss: 1.3486 (policy: 1.2166, value: 0.5280)
  Training time: 1.4s
Gating phase:
  Challenger: 5W-2L-13D (win rate 57.50%, threshold 55%)
  -> Challenger PROMOTED to best_model
  Gating time: 367.5s
Saved checkpoint: results/sgd_gate_run/model_iter_128.pt
  Iteration total: 541.8s

============================================================
Iteration 129/2999
============================================================
Self-play phase:
  Self-play game 1/25 - 15 moves
  Self-play game 2/25 - 51 moves
  Self-play game 3/25 - 85 moves
  Self-play game 4/25 - 21 moves
  Self-play game 5/25 - 23 moves
  Self-play game 6/25 - 60 moves
  Self-play game 7/25 - 44 moves
  Self-play game 8/25 - 48 moves
  Self-play game 9/25 - 31 moves
  Self-play game 10/25 - 15 moves
  Self-play game 11/25 - 63 moves
  Self-play game 12/25 - 36 moves
  Self-play game 13/25 - 19 moves
  Self-play game 14/25 - 130 moves
  Self-play game 15/25 - 15 moves
  Self-play game 16/25 - 92 moves
  Self-play game 17/25 - 30 moves
  Self-play game 18/25 - 53 moves
  Self-play game 19/25 - 16 moves
  Self-play game 20/25 - 118 moves
  Self-play game 21/25 - 14 moves
  Self-play game 22/25 - 71 moves
  Self-play game 23/25 - 85 moves
  Self-play game 24/25 - 26 moves
  Self-play game 25/25 - 16 moves
  Collected 1177 samples (avg game length: 47.1)
  Illegal-argmax rate: 16.31%, mean illegal mass: 0.2472
  Self-play time: 166.0s
  Skipped 1 drawn games, keeping 1092/1177 samples
  Replay buffer: 30000/30000 samples
Training phase:
  LR annealed to 0.001 (milestones: [115, 170])
    Chunk 1/3 (50 steps) - loss: 1.3025 (policy: 1.1662, value: 0.5454)
    Chunk 2/3 (50 steps) - loss: 1.3449 (policy: 1.2136, value: 0.5251)
    Chunk 3/3 (50 steps) - loss: 1.4090 (policy: 1.2761, value: 0.5316)
  Training time: 1.3s
Gating phase:
  Challenger: 5W-2L-13D (win rate 57.50%, threshold 55%)
  -> Challenger PROMOTED to best_model
  Gating time: 295.6s
Saved checkpoint: results/sgd_gate_run/model_iter_129.pt
  Iteration total: 467.1s

============================================================
Iteration 130/2999
============================================================
Self-play phase:
  Self-play game 1/25 - 67 moves
  Self-play game 2/25 - 36 moves
  Self-play game 3/25 - 59 moves
  Self-play game 4/25 - 53 moves
  Self-play game 5/25 - 31 moves
  Self-play game 6/25 - 24 moves
  Self-play game 7/25 - 22 moves
  Self-play game 8/25 - 32 moves
  Self-play game 9/25 - 46 moves
  Self-play game 10/25 - 32 moves
  Self-play game 11/25 - 28 moves
  Self-play game 12/25 - 19 moves
  Self-play game 13/25 - 19 moves
  Self-play game 14/25 - 88 moves
  Self-play game 15/25 - 52 moves
  Self-play game 16/25 - 72 moves
  Self-play game 17/25 - 36 moves
  Self-play game 18/25 - 25 moves
  Self-play game 19/25 - 27 moves
  Self-play game 20/25 - 52 moves
  Self-play game 21/25 - 34 moves
  Self-play game 22/25 - 37 moves
  Self-play game 23/25 - 66 moves
  Self-play game 24/25 - 55 moves
  Self-play game 25/25 - 14 moves
  Collected 1026 samples (avg game length: 41.0)
  Illegal-argmax rate: 15.69%, mean illegal mass: 0.2265
  Self-play time: 142.2s
  Skipped 6 drawn games, keeping 755/1026 samples
  Replay buffer: 30000/30000 samples
Training phase:
  LR annealed to 0.001 (milestones: [115, 170])
    Chunk 1/3 (50 steps) - loss: 1.5163 (policy: 1.3860, value: 0.5213)
    Chunk 2/3 (50 steps) - loss: 1.4518 (policy: 1.3166, value: 0.5411)
    Chunk 3/3 (50 steps) - loss: 1.3283 (policy: 1.1952, value: 0.5323)
  Training time: 0.9s
Gating phase:
  Challenger: 6W-6L-8D (win rate 50.00%, threshold 55%)
  -> Champion retained
  Gating time: 304.5s
Saved checkpoint: results/sgd_gate_run/model_iter_130.pt
  Iteration total: 451.8s

============================================================
Iteration 131/2999
============================================================
Self-play phase:
  Self-play game 1/25 - 75 moves
  Self-play game 2/25 - 10 moves
  Self-play game 3/25 - 44 moves
  Self-play game 4/25 - 22 moves
  Self-play game 5/25 - 15 moves
  Self-play game 6/25 - 19 moves
  Self-play game 7/25 - 35 moves
  Self-play game 8/25 - 7 moves
  Self-play game 9/25 - 32 moves
  Self-play game 10/25 - 58 moves
  Self-play game 11/25 - 47 moves
  Self-play game 12/25 - 57 moves
  Self-play game 13/25 - 27 moves
  Self-play game 14/25 - 61 moves
  Self-play game 15/25 - 46 moves
  Self-play game 16/25 - 56 moves
  Self-play game 17/25 - 47 moves
  Self-play game 18/25 - 11 moves
  Self-play game 19/25 - 27 moves
  Self-play game 20/25 - 24 moves
  Self-play game 21/25 - 17 moves
  Self-play game 22/25 - 49 moves
  Self-play game 23/25 - 98 moves
  Self-play game 24/25 - 20 moves
  Self-play game 25/25 - 20 moves
  Collected 924 samples (avg game length: 37.0)
  Illegal-argmax rate: 17.75%, mean illegal mass: 0.2498
  Self-play time: 132.5s
  Skipped 4 drawn games, keeping 768/924 samples
  Replay buffer: 30000/30000 samples
Training phase:
  LR annealed to 0.001 (milestones: [115, 170])
    Chunk 1/3 (50 steps) - loss: 1.3395 (policy: 1.2055, value: 0.5360)
    Chunk 2/3 (50 steps) - loss: 1.4567 (policy: 1.3231, value: 0.5343)
    Chunk 3/3 (50 steps) - loss: 1.4251 (policy: 1.2910, value: 0.5363)
  Training time: 1.3s
Gating phase:
  Challenger: 5W-1L-14D (win rate 60.00%, threshold 55%)
  -> Challenger PROMOTED to best_model
  Gating time: 261.3s
Saved checkpoint: results/sgd_gate_run/model_iter_131.pt
  Iteration total: 398.9s

============================================================
Iteration 132/2999
============================================================
Self-play phase:
  Self-play game 1/25 - 50 moves
  Self-play game 2/25 - 57 moves
  Self-play game 3/25 - 76 moves
  Self-play game 4/25 - 35 moves
  Self-play game 5/25 - 52 moves
  Self-play game 6/25 - 74 moves
  Self-play game 7/25 - 23 moves
  Self-play game 8/25 - 23 moves
  Self-play game 9/25 - 29 moves
  Self-play game 10/25 - 26 moves
  Self-play game 11/25 - 95 moves
  Self-play game 12/25 - 53 moves
  Self-play game 13/25 - 44 moves
  Self-play game 14/25 - 8 moves
  Self-play game 15/25 - 59 moves
  Self-play game 16/25 - 55 moves
  Self-play game 17/25 - 16 moves
  Self-play game 18/25 - 28 moves
  Self-play game 19/25 - 38 moves
  Self-play game 20/25 - 12 moves
  Self-play game 21/25 - 52 moves
  Self-play game 22/25 - 90 moves
  Self-play game 23/25 - 95 moves
  Self-play game 24/25 - 82 moves
  Self-play game 25/25 - 69 moves
  Collected 1241 samples (avg game length: 49.6)
  Illegal-argmax rate: 16.52%, mean illegal mass: 0.2445
  Self-play time: 178.9s
  Skipped 4 drawn games, keeping 927/1241 samples
  Replay buffer: 30000/30000 samples
Training phase:
  LR annealed to 0.001 (milestones: [115, 170])
    Chunk 1/3 (50 steps) - loss: 1.4016 (policy: 1.2605, value: 0.5644)
    Chunk 2/3 (50 steps) - loss: 1.4166 (policy: 1.2810, value: 0.5423)
    Chunk 3/3 (50 steps) - loss: 1.4069 (policy: 1.2705, value: 0.5457)
  Training time: 1.3s
Gating phase:
  Challenger: 6W-1L-13D (win rate 62.50%, threshold 55%)
  -> Challenger PROMOTED to best_model
  Gating time: 280.6s
Saved checkpoint: results/sgd_gate_run/model_iter_132.pt
  Iteration total: 464.6s

============================================================
Iteration 133/2999
============================================================
Self-play phase:
  Self-play game 1/25 - 9 moves
  Self-play game 2/25 - 60 moves
  Self-play game 3/25 - 71 moves
  Self-play game 4/25 - 46 moves
  Self-play game 5/25 - 27 moves
  Self-play game 6/25 - 128 moves
  Self-play game 7/25 - 16 moves
  Self-play game 8/25 - 51 moves
  Self-play game 9/25 - 35 moves
  Self-play game 10/25 - 45 moves
  Self-play game 11/25 - 42 moves
  Self-play game 12/25 - 25 moves
  Self-play game 13/25 - 82 moves
  Self-play game 14/25 - 35 moves
  Self-play game 15/25 - 50 moves
  Self-play game 16/25 - 16 moves
  Self-play game 17/25 - 13 moves
  Self-play game 18/25 - 76 moves
  Self-play game 19/25 - 65 moves
  Self-play game 20/25 - 51 moves
  Self-play game 21/25 - 36 moves
  Self-play game 22/25 - 43 moves
  Self-play game 23/25 - 46 moves
  Self-play game 24/25 - 13 moves
  Self-play game 25/25 - 43 moves
  Collected 1124 samples (avg game length: 45.0)
  Illegal-argmax rate: 18.15%, mean illegal mass: 0.2529
  Self-play time: 160.5s
  Skipped 4 drawn games, keeping 888/1124 samples
  Replay buffer: 30000/30000 samples
Training phase:
  LR annealed to 0.001 (milestones: [115, 170])
    Chunk 1/3 (50 steps) - loss: 1.4881 (policy: 1.3537, value: 0.5376)
    Chunk 2/3 (50 steps) - loss: 1.4232 (policy: 1.2908, value: 0.5297)
    Chunk 3/3 (50 steps) - loss: 1.4813 (policy: 1.3438, value: 0.5499)
  Training time: 1.2s
Gating phase:
  Challenger: 1W-3L-16D (win rate 45.00%, threshold 55%)
  -> Champion retained
  Gating time: 351.6s
Saved checkpoint: results/sgd_gate_run/model_iter_133.pt
  Iteration total: 517.5s

============================================================
Iteration 134/2999
============================================================
Self-play phase:
  Self-play game 1/25 - 54 moves
  Self-play game 2/25 - 13 moves
  Self-play game 3/25 - 41 moves
  Self-play game 4/25 - 59 moves
  Self-play game 5/25 - 53 moves
  Self-play game 6/25 - 73 moves
  Self-play game 7/25 - 68 moves
  Self-play game 8/25 - 25 moves
  Self-play game 9/25 - 41 moves
  Self-play game 10/25 - 19 moves
  Self-play game 11/25 - 102 moves
  Self-play game 12/25 - 42 moves
  Self-play game 13/25 - 35 moves
  Self-play game 14/25 - 44 moves
  Self-play game 15/25 - 95 moves
  Self-play game 16/25 - 7 moves
  Self-play game 17/25 - 27 moves
  Self-play game 18/25 - 52 moves
  Self-play game 19/25 - 43 moves
  Self-play game 20/25 - 44 moves
  Self-play game 21/25 - 72 moves
  Self-play game 22/25 - 62 moves
  Self-play game 23/25 - 37 moves
  Self-play game 24/25 - 60 moves
  Self-play game 25/25 - 33 moves
  Collected 1201 samples (avg game length: 48.0)
  Illegal-argmax rate: 16.65%, mean illegal mass: 0.2416
  Self-play time: 175.0s
  Skipped 4 drawn games, keeping 925/1201 samples
  Replay buffer: 30000/30000 samples
Training phase:
  LR annealed to 0.001 (milestones: [115, 170])
    Chunk 1/3 (50 steps) - loss: 1.4668 (policy: 1.3358, value: 0.5242)
    Chunk 2/3 (50 steps) - loss: 1.5066 (policy: 1.3704, value: 0.5449)
    Chunk 3/3 (50 steps) - loss: 1.4174 (policy: 1.2810, value: 0.5457)
  Training time: 1.3s
Gating phase:
  Challenger: 4W-6L-10D (win rate 45.00%, threshold 55%)
  -> Champion retained
  Gating time: 335.0s
Saved checkpoint: results/sgd_gate_run/model_iter_134.pt
  Iteration total: 515.2s

============================================================
Iteration 135/2999
============================================================
Self-play phase:
  Self-play game 1/25 - 17 moves
  Self-play game 2/25 - 7 moves
  Self-play game 3/25 - 85 moves
  Self-play game 4/25 - 48 moves
  Self-play game 5/25 - 55 moves
  Self-play game 6/25 - 113 moves
  Self-play game 7/25 - 32 moves
  Self-play game 8/25 - 77 moves
  Self-play game 9/25 - 48 moves
  Self-play game 10/25 - 51 moves
  Self-play game 11/25 - 43 moves
  Self-play game 12/25 - 12 moves
  Self-play game 13/25 - 25 moves
  Self-play game 14/25 - 40 moves
  Self-play game 15/25 - 66 moves
  Self-play game 16/25 - 54 moves
  Self-play game 17/25 - 68 moves
  Self-play game 18/25 - 65 moves
  Self-play game 19/25 - 80 moves
  Self-play game 20/25 - 18 moves
  Self-play game 21/25 - 61 moves
  Self-play game 22/25 - 77 moves
  Self-play game 23/25 - 19 moves
  Self-play game 24/25 - 110 moves
  Self-play game 25/25 - 26 moves
  Collected 1297 samples (avg game length: 51.9)
  Illegal-argmax rate: 13.26%, mean illegal mass: 0.2108
  Self-play time: 170.9s
  Skipped 7 drawn games, keeping 797/1297 samples
  Replay buffer: 30000/30000 samples
Training phase:
  LR annealed to 0.001 (milestones: [115, 170])
    Chunk 1/3 (50 steps) - loss: 1.5108 (policy: 1.3757, value: 0.5408)
    Chunk 2/3 (50 steps) - loss: 1.4315 (policy: 1.2980, value: 0.5341)
    Chunk 3/3 (50 steps) - loss: 1.4782 (policy: 1.3408, value: 0.5497)
  Training time: 1.3s
Gating phase:
  Challenger: 4W-4L-12D (win rate 50.00%, threshold 55%)
  -> Champion retained
  Gating time: 323.6s
Saved checkpoint: results/sgd_gate_run/model_iter_135.pt
  Iteration total: 499.8s

============================================================
Iteration 136/2999
============================================================
Self-play phase:
  Self-play game 1/25 - 76 moves
  Self-play game 2/25 - 70 moves
  Self-play game 3/25 - 64 moves
  Self-play game 4/25 - 18 moves
  Self-play game 5/25 - 17 moves
  Self-play game 6/25 - 21 moves
  Self-play game 7/25 - 75 moves
  Self-play game 8/25 - 29 moves
  Self-play game 9/25 - 12 moves
  Self-play game 10/25 - 91 moves
  Self-play game 11/25 - 56 moves
  Self-play game 12/25 - 62 moves
  Self-play game 13/25 - 31 moves
  Self-play game 14/25 - 41 moves
  Self-play game 15/25 - 53 moves
  Self-play game 16/25 - 9 moves
  Self-play game 17/25 - 54 moves
  Self-play game 18/25 - 87 moves
  Self-play game 19/25 - 74 moves
  Self-play game 20/25 - 90 moves
  Self-play game 21/25 - 71 moves
  Self-play game 22/25 - 25 moves
  Self-play game 23/25 - 44 moves
  Self-play game 24/25 - 11 moves
  Self-play game 25/25 - 57 moves
  Collected 1238 samples (avg game length: 49.5)
  Illegal-argmax rate: 20.27%, mean illegal mass: 0.2699
  Self-play time: 180.3s
  Skipped 6 drawn games, keeping 929/1238 samples
  Replay buffer: 30000/30000 samples
Training phase:
  LR annealed to 0.001 (milestones: [115, 170])
    Chunk 1/3 (50 steps) - loss: 1.5786 (policy: 1.4437, value: 0.5396)
    Chunk 2/3 (50 steps) - loss: 1.4646 (policy: 1.3307, value: 0.5357)
    Chunk 3/3 (50 steps) - loss: 1.5055 (policy: 1.3728, value: 0.5309)
  Training time: 1.0s
Gating phase:
  Challenger: 5W-8L-7D (win rate 42.50%, threshold 55%)
  -> Champion retained
  Gating time: 350.6s
Saved checkpoint: results/sgd_gate_run/model_iter_136.pt
  Iteration total: 535.9s

Resumed from results/sgd_gate_run/model_iter_136.pt (starting at iteration 137, buffer: 30000 samples)
Device: cuda
Config: {'iterations': 3000, 'games_per_iter': 25, 'mcts_sims': 150, 'steps_per_iter': 150, 'batch_size': 64, 'lr': 0.01, 'momentum': 0.9, 'lr_milestones': [115, 170], 'weight_decay': 0.0001, 'num_res_blocks': 3, 'num_channels': 32, 'c_puct': 1.0, 'results_dir': 'results/sgd_gate_run', 'buffer_size': 30000, 'draw_keep_ratio': 1.0, 'value_weight': 0.25, 'gate_games': 20, 'gate_threshold': 0.55, 'resume': 'results/sgd_gate_run/model_iter_136.pt'}
Model params: 83,834

============================================================
Iteration 137/2999
============================================================
Self-play phase:
  Self-play game 1/25 - 22 moves
  Self-play game 2/25 - 59 moves
  Self-play game 3/25 - 51 moves
  Self-play game 4/25 - 53 moves
  Self-play game 5/25 - 53 moves
  Self-play game 6/25 - 46 moves
  Self-play game 7/25 - 17 moves
  Self-play game 8/25 - 53 moves
  Self-play game 9/25 - 7 moves
  Self-play game 10/25 - 36 moves
  Self-play game 11/25 - 32 moves
  Self-play game 12/25 - 21 moves
  Self-play game 13/25 - 26 moves
  Self-play game 14/25 - 11 moves
  Self-play game 15/25 - 28 moves
  Self-play game 16/25 - 84 moves
  Self-play game 17/25 - 24 moves
  Self-play game 18/25 - 30 moves
  Self-play game 19/25 - 75 moves
  Self-play game 20/25 - 97 moves
  Self-play game 21/25 - 59 moves
  Self-play game 22/25 - 65 moves
  Self-play game 23/25 - 17 moves
  Self-play game 24/25 - 38 moves
  Self-play game 25/25 - 19 moves
  Collected 1023 samples (avg game length: 40.9)
  Illegal-argmax rate: 14.96%, mean illegal mass: 0.2280
  Self-play time: 149.0s
  Replay buffer: 30000/30000 samples
Training phase:
  LR annealed to 0.001 (milestones: [115, 170])
    Chunk 1/3 (50 steps) - loss: 1.5423 (policy: 1.4074, value: 0.5394)
    Chunk 2/3 (50 steps) - loss: 1.4988 (policy: 1.3660, value: 0.5309)
    Chunk 3/3 (50 steps) - loss: 1.4938 (policy: 1.3623, value: 0.5260)
  Training time: 2.1s
Gating phase:
  Challenger: 7W-3L-10D (win rate 60.00%, threshold 55%)
  -> Challenger PROMOTED to best_model
  Gating time: 408.6s
Saved checkpoint: results/sgd_gate_run/model_iter_137.pt
  Iteration total: 563.5s

============================================================
Iteration 138/2999
============================================================
Self-play phase:
  Self-play game 1/25 - 49 moves
  Self-play game 2/25 - 55 moves
  Self-play game 3/25 - 31 moves
  Self-play game 4/25 - 13 moves
  Self-play game 5/25 - 36 moves
  Self-play game 6/25 - 9 moves
  Self-play game 7/25 - 58 moves
  Self-play game 8/25 - 58 moves
  Self-play game 9/25 - 11 moves
  Self-play game 10/25 - 33 moves
  Self-play game 11/25 - 60 moves
  Self-play game 12/25 - 13 moves
  Self-play game 13/25 - 16 moves
  Self-play game 14/25 - 26 moves
  Self-play game 15/25 - 37 moves
  Self-play game 16/25 - 56 moves
  Self-play game 17/25 - 47 moves
  Self-play game 18/25 - 31 moves
  Self-play game 19/25 - 54 moves
  Self-play game 20/25 - 14 moves
  Self-play game 21/25 - 9 moves
  Self-play game 22/25 - 18 moves
  Self-play game 23/25 - 31 moves
  Self-play game 24/25 - 72 moves
  Self-play game 25/25 - 39 moves
  Collected 876 samples (avg game length: 35.0)
  Illegal-argmax rate: 13.93%, mean illegal mass: 0.2320
  Self-play time: 119.3s
  Replay buffer: 30000/30000 samples
Training phase:
  LR annealed to 0.001 (milestones: [115, 170])
    Chunk 1/3 (50 steps) - loss: 1.3876 (policy: 1.2539, value: 0.5348)
    Chunk 2/3 (50 steps) - loss: 1.4868 (policy: 1.3538, value: 0.5319)
    Chunk 3/3 (50 steps) - loss: 1.4622 (policy: 1.3333, value: 0.5158)
  Training time: 1.3s
Gating phase:
  Challenger: 2W-8L-10D (win rate 35.00%, threshold 55%)
  -> Champion retained
  Gating time: 306.1s
Saved checkpoint: results/sgd_gate_run/model_iter_138.pt
  Iteration total: 430.5s

============================================================
Iteration 139/2999
============================================================
Self-play phase:
  Self-play game 1/25 - 73 moves
  Self-play game 2/25 - 65 moves
  Self-play game 3/25 - 45 moves
  Self-play game 4/25 - 81 moves
  Self-play game 5/25 - 72 moves
  Self-play game 6/25 - 45 moves
  Self-play game 7/25 - 140 moves
  Self-play game 8/25 - 91 moves
  Self-play game 9/25 - 7 moves
  Self-play game 10/25 - 47 moves
  Self-play game 11/25 - 9 moves
  Self-play game 12/25 - 65 moves
  Self-play game 13/25 - 45 moves
  Self-play game 14/25 - 44 moves
  Self-play game 15/25 - 15 moves
  Self-play game 16/25 - 82 moves
  Self-play game 17/25 - 62 moves
  Self-play game 18/25 - 52 moves
  Self-play game 19/25 - 40 moves
  Self-play game 20/25 - 15 moves
  Self-play game 21/25 - 53 moves
  Self-play game 22/25 - 7 moves
  Self-play game 23/25 - 40 moves
  Self-play game 24/25 - 17 moves
  Self-play game 25/25 - 25 moves
  Collected 1237 samples (avg game length: 49.5)
  Illegal-argmax rate: 15.44%, mean illegal mass: 0.2344
  Self-play time: 161.3s
  Replay buffer: 30000/30000 samples
Training phase:
  LR annealed to 0.001 (milestones: [115, 170])
    Chunk 1/3 (50 steps) - loss: 1.4410 (policy: 1.3135, value: 0.5099)
    Chunk 2/3 (50 steps) - loss: 1.5591 (policy: 1.4312, value: 0.5119)
    Chunk 3/3 (50 steps) - loss: 1.4898 (policy: 1.3613, value: 0.5141)
  Training time: 1.2s
Gating phase:
  Challenger: 7W-3L-10D (win rate 60.00%, threshold 55%)
  -> Challenger PROMOTED to best_model
  Gating time: 313.5s
Saved checkpoint: results/sgd_gate_run/model_iter_139.pt
  Iteration total: 479.8s

============================================================
Iteration 140/2999
============================================================
Self-play phase:
  Self-play game 1/25 - 9 moves
  Self-play game 2/25 - 12 moves
  Self-play game 3/25 - 11 moves
  Self-play game 4/25 - 24 moves
  Self-play game 5/25 - 23 moves
  Self-play game 6/25 - 46 moves
  Self-play game 7/25 - 14 moves
  Self-play game 8/25 - 23 moves
  Self-play game 9/25 - 74 moves
  Self-play game 10/25 - 26 moves
  Self-play game 11/25 - 69 moves
  Self-play game 12/25 - 59 moves
  Self-play game 13/25 - 14 moves
  Self-play game 14/25 - 43 moves
  Self-play game 15/25 - 62 moves
  Self-play game 16/25 - 19 moves
  Self-play game 17/25 - 77 moves
  Self-play game 18/25 - 86 moves
  Self-play game 19/25 - 57 moves
  Self-play game 20/25 - 12 moves
  Self-play game 21/25 - 28 moves
  Self-play game 22/25 - 9 moves
  Self-play game 23/25 - 37 moves
  Self-play game 24/25 - 58 moves
  Self-play game 25/25 - 35 moves
  Collected 927 samples (avg game length: 37.1)
  Illegal-argmax rate: 15.43%, mean illegal mass: 0.2267
  Self-play time: 132.6s
  Replay buffer: 30000/30000 samples
Training phase:
  LR annealed to 0.001 (milestones: [115, 170])
    Chunk 1/3 (50 steps) - loss: 1.4808 (policy: 1.3557, value: 0.5004)
    Chunk 2/3 (50 steps) - loss: 1.5226 (policy: 1.3915, value: 0.5243)
    Chunk 3/3 (50 steps) - loss: 1.4567 (policy: 1.3294, value: 0.5091)
  Training time: 0.7s
Gating phase:
  Challenger: 4W-2L-14D (win rate 55.00%, threshold 55%)
  -> Challenger PROMOTED to best_model
  Gating time: 263.9s
Saved checkpoint: results/sgd_gate_run/model_iter_140.pt
  Iteration total: 401.0s

============================================================
Iteration 141/2999
============================================================
Self-play phase:
  Self-play game 1/25 - 67 moves
  Self-play game 2/25 - 78 moves
  Self-play game 3/25 - 31 moves
  Self-play game 4/25 - 45 moves
  Self-play game 5/25 - 33 moves
  Self-play game 6/25 - 17 moves
  Self-play game 7/25 - 88 moves
  Self-play game 8/25 - 19 moves
  Self-play game 9/25 - 70 moves
  Self-play game 10/25 - 63 moves
  Self-play game 11/25 - 13 moves
  Self-play game 12/25 - 35 moves
  Self-play game 13/25 - 23 moves
  Self-play game 14/25 - 20 moves
  Self-play game 15/25 - 126 moves
  Self-play game 16/25 - 65 moves
  Self-play game 17/25 - 50 moves
  Self-play game 18/25 - 52 moves
  Self-play game 19/25 - 27 moves
  Self-play game 20/25 - 21 moves
  Self-play game 21/25 - 115 moves
  Self-play game 22/25 - 24 moves
  Self-play game 23/25 - 30 moves
  Self-play game 24/25 - 14 moves
  Self-play game 25/25 - 17 moves
  Collected 1143 samples (avg game length: 45.7)
  Illegal-argmax rate: 17.06%, mean illegal mass: 0.2570
  Self-play time: 170.5s
  Replay buffer: 30000/30000 samples
Training phase:
  LR annealed to 0.001 (milestones: [115, 170])
    Chunk 1/3 (50 steps) - loss: 1.5867 (policy: 1.4565, value: 0.5211)
    Chunk 2/3 (50 steps) - loss: 1.4649 (policy: 1.3391, value: 0.5029)
    Chunk 3/3 (50 steps) - loss: 1.5061 (policy: 1.3836, value: 0.4902)
  Training time: 0.7s
Gating phase:
  Challenger: 5W-4L-11D (win rate 52.50%, threshold 55%)
  -> Champion retained
  Gating time: 273.1s
Saved checkpoint: results/sgd_gate_run/model_iter_141.pt
  Iteration total: 448.2s

============================================================
Iteration 142/2999
============================================================
Self-play phase:
  Self-play game 1/25 - 57 moves
  Self-play game 2/25 - 67 moves
  Self-play game 3/25 - 17 moves
  Self-play game 4/25 - 80 moves
  Self-play game 5/25 - 23 moves
  Self-play game 6/25 - 10 moves
  Self-play game 7/25 - 23 moves
  Self-play game 8/25 - 55 moves
  Self-play game 9/25 - 41 moves
  Self-play game 10/25 - 96 moves
  Self-play game 11/25 - 45 moves
  Self-play game 12/25 - 64 moves
  Self-play game 13/25 - 43 moves
  Self-play game 14/25 - 22 moves
  Self-play game 15/25 - 40 moves
  Self-play game 16/25 - 7 moves
  Self-play game 17/25 - 21 moves
  Self-play game 18/25 - 22 moves
  Self-play game 19/25 - 31 moves
  Self-play game 20/25 - 53 moves
  Self-play game 21/25 - 39 moves
  Self-play game 22/25 - 107 moves
  Self-play game 23/25 - 11 moves
  Self-play game 24/25 - 35 moves
  Self-play game 25/25 - 117 moves
  Collected 1126 samples (avg game length: 45.0)
  Illegal-argmax rate: 16.25%, mean illegal mass: 0.2444
  Self-play time: 173.1s
  Replay buffer: 30000/30000 samples
Training phase:
  LR annealed to 0.001 (milestones: [115, 170])
    Chunk 1/3 (50 steps) - loss: 1.5501 (policy: 1.4215, value: 0.5144)
    Chunk 2/3 (50 steps) - loss: 1.6707 (policy: 1.5423, value: 0.5135)
    Chunk 3/3 (50 steps) - loss: 1.5358 (policy: 1.4073, value: 0.5141)
  Training time: 1.2s
Gating phase:
  Challenger: 4W-5L-11D (win rate 47.50%, threshold 55%)
  -> Champion retained
  Gating time: 305.1s
Saved checkpoint: results/sgd_gate_run/model_iter_142.pt
  Iteration total: 483.4s

============================================================
Iteration 143/2999
============================================================
Self-play phase:
  Self-play game 1/25 - 18 moves
  Self-play game 2/25 - 27 moves
  Self-play game 3/25 - 38 moves
  Self-play game 4/25 - 25 moves
  Self-play game 5/25 - 36 moves
  Self-play game 6/25 - 38 moves
  Self-play game 7/25 - 66 moves
  Self-play game 8/25 - 47 moves
  Self-play game 9/25 - 59 moves
  Self-play game 10/25 - 93 moves
  Self-play game 11/25 - 64 moves
  Self-play game 12/25 - 83 moves
  Self-play game 13/25 - 37 moves
  Self-play game 14/25 - 83 moves
  Self-play game 15/25 - 32 moves
  Self-play game 16/25 - 67 moves
  Self-play game 17/25 - 126 moves
  Self-play game 18/25 - 10 moves
  Self-play game 19/25 - 86 moves
  Self-play game 20/25 - 69 moves
  Self-play game 21/25 - 58 moves
  Self-play game 22/25 - 33 moves
  Self-play game 23/25 - 62 moves
  Self-play game 24/25 - 137 moves
  Self-play game 25/25 - 46 moves
  Collected 1440 samples (avg game length: 57.6)
  Illegal-argmax rate: 17.29%, mean illegal mass: 0.2540
  Self-play time: 201.6s
  Replay buffer: 30000/30000 samples
Training phase:
  LR annealed to 0.001 (milestones: [115, 170])
    Chunk 1/3 (50 steps) - loss: 1.5107 (policy: 1.3806, value: 0.5201)
    Chunk 2/3 (50 steps) - loss: 1.5582 (policy: 1.4299, value: 0.5130)
    Chunk 3/3 (50 steps) - loss: 1.6274 (policy: 1.4996, value: 0.5114)
  Training time: 1.3s
Gating phase:
  Challenger: 1W-4L-15D (win rate 42.50%, threshold 55%)
  -> Champion retained
  Gating time: 339.7s
Saved checkpoint: results/sgd_gate_run/model_iter_143.pt
  Iteration total: 546.6s

============================================================
Iteration 144/2999
============================================================
Self-play phase:
  Self-play game 1/25 - 14 moves
  Self-play game 2/25 - 63 moves
  Self-play game 3/25 - 35 moves
  Self-play game 4/25 - 22 moves
  Self-play game 5/25 - 20 moves
  Self-play game 6/25 - 11 moves
  Self-play game 7/25 - 17 moves
  Self-play game 8/25 - 32 moves
  Self-play game 9/25 - 49 moves
  Self-play game 10/25 - 20 moves
  Self-play game 11/25 - 7 moves
  Self-play game 12/25 - 42 moves
  Self-play game 13/25 - 30 moves
  Self-play game 14/25 - 44 moves
  Self-play game 15/25 - 34 moves
  Self-play game 16/25 - 31 moves
  Self-play game 17/25 - 75 moves
  Self-play game 18/25 - 18 moves
  Self-play game 19/25 - 26 moves
  Self-play game 20/25 - 94 moves
  Self-play game 21/25 - 31 moves
  Self-play game 22/25 - 15 moves
  Self-play game 23/25 - 29 moves
  Self-play game 24/25 - 32 moves
  Self-play game 25/25 - 32 moves
  Collected 823 samples (avg game length: 32.9)
  Illegal-argmax rate: 16.40%, mean illegal mass: 0.2428
  Self-play time: 121.5s
  Replay buffer: 30000/30000 samples
Training phase:
  LR annealed to 0.001 (milestones: [115, 170])
    Chunk 1/3 (50 steps) - loss: 1.6103 (policy: 1.4823, value: 0.5119)
    Chunk 2/3 (50 steps) - loss: 1.5559 (policy: 1.4300, value: 0.5036)
    Chunk 3/3 (50 steps) - loss: 1.5579 (policy: 1.4331, value: 0.4989)
  Training time: 1.2s
Gating phase:
  Challenger: 2W-1L-17D (win rate 52.50%, threshold 55%)
  -> Champion retained
  Gating time: 296.2s
Saved checkpoint: results/sgd_gate_run/model_iter_144.pt
  Iteration total: 423.0s

============================================================
Iteration 145/2999
============================================================
Self-play phase:
  Self-play game 1/25 - 19 moves
  Self-play game 2/25 - 83 moves
  Self-play game 3/25 - 46 moves
  Self-play game 4/25 - 86 moves
  Self-play game 5/25 - 34 moves
  Self-play game 6/25 - 98 moves
  Self-play game 7/25 - 16 moves
  Self-play game 8/25 - 150 moves
  Self-play game 9/25 - 27 moves
  Self-play game 10/25 - 53 moves
  Self-play game 11/25 - 31 moves
  Self-play game 12/25 - 30 moves
  Self-play game 13/25 - 10 moves
  Self-play game 14/25 - 34 moves
  Self-play game 15/25 - 34 moves
  Self-play game 16/25 - 16 moves
  Self-play game 17/25 - 25 moves
  Self-play game 18/25 - 40 moves
  Self-play game 19/25 - 48 moves
  Self-play game 20/25 - 56 moves
  Self-play game 21/25 - 10 moves
  Self-play game 22/25 - 52 moves
  Self-play game 23/25 - 10 moves
  Self-play game 24/25 - 45 moves
  Self-play game 25/25 - 68 moves
  Collected 1121 samples (avg game length: 44.8)
  Illegal-argmax rate: 15.17%, mean illegal mass: 0.2408
  Self-play time: 151.4s
  Replay buffer: 30000/30000 samples
Training phase:
  LR annealed to 0.001 (milestones: [115, 170])
    Chunk 1/3 (50 steps) - loss: 1.4517 (policy: 1.3295, value: 0.4886)
    Chunk 2/3 (50 steps) - loss: 1.5824 (policy: 1.4614, value: 0.4840)
    Chunk 3/3 (50 steps) - loss: 1.5106 (policy: 1.3913, value: 0.4773)
  Training time: 1.3s
Gating phase:
  Challenger: 3W-2L-15D (win rate 52.50%, threshold 55%)
  -> Champion retained
  Gating time: 318.6s
Saved checkpoint: results/sgd_gate_run/model_iter_145.pt
  Iteration total: 475.4s

============================================================
Iteration 146/2999
============================================================
Self-play phase:
  Self-play game 1/25 - 59 moves
  Self-play game 2/25 - 65 moves
  Self-play game 3/25 - 25 moves
  Self-play game 4/25 - 76 moves
  Self-play game 5/25 - 43 moves
  Self-play game 6/25 - 111 moves
  Self-play game 7/25 - 17 moves
  Self-play game 8/25 - 130 moves
  Self-play game 9/25 - 10 moves
  Self-play game 10/25 - 135 moves
  Self-play game 11/25 - 37 moves
  Self-play game 12/25 - 15 moves
  Self-play game 13/25 - 65 moves
  Self-play game 14/25 - 29 moves
  Self-play game 15/25 - 92 moves
  Self-play game 16/25 - 53 moves
  Self-play game 17/25 - 77 moves
  Self-play game 18/25 - 27 moves
  Self-play game 19/25 - 46 moves
  Self-play game 20/25 - 36 moves
  Self-play game 21/25 - 41 moves
  Self-play game 22/25 - 14 moves
  Self-play game 23/25 - 26 moves
  Self-play game 24/25 - 28 moves
  Self-play game 25/25 - 57 moves
  Collected 1314 samples (avg game length: 52.6)
  Illegal-argmax rate: 17.81%, mean illegal mass: 0.2563
  Self-play time: 174.4s
  Replay buffer: 30000/30000 samples
Training phase:
  LR annealed to 0.001 (milestones: [115, 170])
    Chunk 1/3 (50 steps) - loss: 1.5456 (policy: 1.4260, value: 0.4782)
    Chunk 2/3 (50 steps) - loss: 1.5487 (policy: 1.4312, value: 0.4697)
    Chunk 3/3 (50 steps) - loss: 1.4503 (policy: 1.3300, value: 0.4810)
  Training time: 1.3s
Gating phase:
  Challenger: 1W-7L-12D (win rate 35.00%, threshold 55%)
  -> Champion retained
  Gating time: 367.7s
Saved checkpoint: results/sgd_gate_run/model_iter_146.pt
  Iteration total: 547.3s

============================================================
Iteration 147/2999
============================================================
Self-play phase:
  Self-play game 1/25 - 54 moves
  Self-play game 2/25 - 15 moves
  Self-play game 3/25 - 59 moves
  Self-play game 4/25 - 66 moves
  Self-play game 5/25 - 12 moves
  Self-play game 6/25 - 21 moves
  Self-play game 7/25 - 61 moves
  Self-play game 8/25 - 10 moves
  Self-play game 9/25 - 60 moves
  Self-play game 10/25 - 76 moves
  Self-play game 11/25 - 10 moves
  Self-play game 12/25 - 73 moves
  Self-play game 13/25 - 57 moves
  Self-play game 14/25 - 55 moves
  Self-play game 15/25 - 60 moves
  Self-play game 16/25 - 10 moves
  Self-play game 17/25 - 15 moves
  Self-play game 18/25 - 29 moves
  Self-play game 19/25 - 16 moves
  Self-play game 20/25 - 42 moves
  Self-play game 21/25 - 61 moves
  Self-play game 22/25 - 71 moves
  Self-play game 23/25 - 35 moves
  Self-play game 24/25 - 156 moves
  Self-play game 25/25 - 11 moves
  Collected 1135 samples (avg game length: 45.4)
  Illegal-argmax rate: 16.04%, mean illegal mass: 0.2387
  Self-play time: 152.9s
  Replay buffer: 30000/30000 samples
Training phase:
  LR annealed to 0.001 (milestones: [115, 170])
    Chunk 1/3 (50 steps) - loss: 1.6046 (policy: 1.4844, value: 0.4806)
    Chunk 2/3 (50 steps) - loss: 1.4407 (policy: 1.3178, value: 0.4914)
    Chunk 3/3 (50 steps) - loss: 1.4643 (policy: 1.3446, value: 0.4786)
  Training time: 1.3s
Gating phase:
  Challenger: 4W-5L-11D (win rate 47.50%, threshold 55%)
  -> Champion retained
  Gating time: 313.2s
Saved checkpoint: results/sgd_gate_run/model_iter_147.pt
  Iteration total: 471.4s

============================================================
Iteration 148/2999
============================================================
Self-play phase:
  Self-play game 1/25 - 41 moves
  Self-play game 2/25 - 12 moves
  Self-play game 3/25 - 15 moves
  Self-play game 4/25 - 15 moves
  Self-play game 5/25 - 44 moves
  Self-play game 6/25 - 80 moves
  Self-play game 7/25 - 65 moves
  Self-play game 8/25 - 38 moves
  Self-play game 9/25 - 83 moves
  Self-play game 10/25 - 64 moves
  Self-play game 11/25 - 37 moves
  Self-play game 12/25 - 7 moves
  Self-play game 13/25 - 33 moves
  Self-play game 14/25 - 31 moves
  Self-play game 15/25 - 73 moves
  Self-play game 16/25 - 43 moves
  Self-play game 17/25 - 26 moves
  Self-play game 18/25 - 36 moves
  Self-play game 19/25 - 8 moves
  Self-play game 20/25 - 25 moves
  Self-play game 21/25 - 27 moves
  Self-play game 22/25 - 114 moves
  Self-play game 23/25 - 73 moves
  Self-play game 24/25 - 52 moves
  Self-play game 25/25 - 24 moves
  Collected 1066 samples (avg game length: 42.6)
  Illegal-argmax rate: 16.23%, mean illegal mass: 0.2470
  Self-play time: 152.0s
  Replay buffer: 30000/30000 samples
Training phase:
  LR annealed to 0.001 (milestones: [115, 170])
    Chunk 1/3 (50 steps) - loss: 1.5661 (policy: 1.4457, value: 0.4814)
    Chunk 2/3 (50 steps) - loss: 1.5228 (policy: 1.4010, value: 0.4874)
    Chunk 3/3 (50 steps) - loss: 1.5443 (policy: 1.4264, value: 0.4719)
  Training time: 1.3s
Gating phase:
  Challenger: 4W-2L-14D (win rate 55.00%, threshold 55%)
  -> Challenger PROMOTED to best_model
  Gating time: 344.5s
Saved checkpoint: results/sgd_gate_run/model_iter_148.pt
  Iteration total: 501.8s

============================================================
Iteration 149/2999
============================================================
Self-play phase:
  Self-play game 1/25 - 35 moves
  Self-play game 2/25 - 85 moves
  Self-play game 3/25 - 56 moves
  Self-play game 4/25 - 47 moves
  Self-play game 5/25 - 39 moves
  Self-play game 6/25 - 71 moves
  Self-play game 7/25 - 17 moves
  Self-play game 8/25 - 13 moves
  Self-play game 9/25 - 47 moves
  Self-play game 10/25 - 12 moves
  Self-play game 11/25 - 46 moves
  Self-play game 12/25 - 41 moves
  Self-play game 13/25 - 23 moves
  Self-play game 14/25 - 65 moves
  Self-play game 15/25 - 43 moves
  Self-play game 16/25 - 19 moves
  Self-play game 17/25 - 66 moves
  Self-play game 18/25 - 20 moves
  Self-play game 19/25 - 13 moves
  Self-play game 20/25 - 44 moves
  Self-play game 21/25 - 27 moves
  Self-play game 22/25 - 60 moves
  Self-play game 23/25 - 15 moves
  Self-play game 24/25 - 14 moves
  Self-play game 25/25 - 23 moves
  Collected 941 samples (avg game length: 37.6)
  Illegal-argmax rate: 18.49%, mean illegal mass: 0.2590
  Self-play time: 124.6s
  Replay buffer: 30000/30000 samples
Training phase:
  LR annealed to 0.001 (milestones: [115, 170])
    Chunk 1/3 (50 steps) - loss: 1.6449 (policy: 1.5251, value: 0.4793)
    Chunk 2/3 (50 steps) - loss: 1.4955 (policy: 1.3755, value: 0.4803)
    Chunk 3/3 (50 steps) - loss: 1.5595 (policy: 1.4432, value: 0.4651)
  Training time: 1.4s
Gating phase:
  Challenger: 3W-2L-15D (win rate 52.50%, threshold 55%)
  -> Champion retained
  Gating time: 347.3s
Saved checkpoint: results/sgd_gate_run/model_iter_149.pt
  Iteration total: 477.7s

============================================================
Iteration 150/2999
============================================================
Self-play phase:
  Self-play game 1/25 - 39 moves
  Self-play game 2/25 - 11 moves
  Self-play game 3/25 - 12 moves
  Self-play game 4/25 - 45 moves
  Self-play game 5/25 - 49 moves
  Self-play game 6/25 - 85 moves
  Self-play game 7/25 - 12 moves
  Self-play game 8/25 - 17 moves
  Self-play game 9/25 - 9 moves
  Self-play game 10/25 - 10 moves
  Self-play game 11/25 - 29 moves
  Self-play game 12/25 - 8 moves
  Self-play game 13/25 - 26 moves
  Self-play game 14/25 - 84 moves
  Self-play game 15/25 - 64 moves
  Self-play game 16/25 - 91 moves
  Self-play game 17/25 - 49 moves
  Self-play game 18/25 - 24 moves
  Self-play game 19/25 - 44 moves
  Self-play game 20/25 - 54 moves
  Self-play game 21/25 - 59 moves
  Self-play game 22/25 - 16 moves
  Self-play game 23/25 - 61 moves
  Self-play game 24/25 - 69 moves
  Self-play game 25/25 - 54 moves
  Collected 1021 samples (avg game length: 40.8)
  Illegal-argmax rate: 16.65%, mean illegal mass: 0.2593
  Self-play time: 136.4s
  Replay buffer: 30000/30000 samples
Training phase:
  LR annealed to 0.001 (milestones: [115, 170])
    Chunk 1/3 (50 steps) - loss: 1.4893 (policy: 1.3686, value: 0.4827)
    Chunk 2/3 (50 steps) - loss: 1.4853 (policy: 1.3635, value: 0.4873)
    Chunk 3/3 (50 steps) - loss: 1.6367 (policy: 1.5168, value: 0.4794)
  Training time: 1.2s
Gating phase:
  Challenger: 3W-3L-14D (win rate 50.00%, threshold 55%)
  -> Champion retained
  Gating time: 269.3s
Saved checkpoint: results/sgd_gate_run/model_iter_150.pt
  Iteration total: 410.8s

============================================================
Iteration 151/2999
============================================================
Self-play phase:
  Self-play game 1/25 - 42 moves
  Self-play game 2/25 - 16 moves
  Self-play game 3/25 - 49 moves
  Self-play game 4/25 - 83 moves
  Self-play game 5/25 - 100 moves
  Self-play game 6/25 - 11 moves
  Self-play game 7/25 - 79 moves
  Self-play game 8/25 - 104 moves
  Self-play game 9/25 - 13 moves
  Self-play game 10/25 - 55 moves
  Self-play game 11/25 - 29 moves
  Self-play game 12/25 - 30 moves
  Self-play game 13/25 - 68 moves
  Self-play game 14/25 - 49 moves
  Self-play game 15/25 - 74 moves
  Self-play game 16/25 - 23 moves
  Self-play game 17/25 - 124 moves
  Self-play game 18/25 - 15 moves
  Self-play game 19/25 - 8 moves
  Self-play game 20/25 - 81 moves
  Self-play game 21/25 - 111 moves
  Self-play game 22/25 - 66 moves
  Self-play game 23/25 - 39 moves
  Self-play game 24/25 - 37 moves
  Self-play game 25/25 - 11 moves
  Collected 1317 samples (avg game length: 52.7)
  Illegal-argmax rate: 17.84%, mean illegal mass: 0.2551
  Self-play time: 186.6s
  Replay buffer: 30000/30000 samples
Training phase:
  LR annealed to 0.001 (milestones: [115, 170])
    Chunk 1/3 (50 steps) - loss: 1.5887 (policy: 1.4664, value: 0.4891)
    Chunk 2/3 (50 steps) - loss: 1.6829 (policy: 1.5643, value: 0.4744)
    Chunk 3/3 (50 steps) - loss: 1.4957 (policy: 1.3780, value: 0.4709)
  Training time: 1.3s
Gating phase:
  Challenger: 3W-7L-10D (win rate 40.00%, threshold 55%)
  -> Champion retained
  Gating time: 317.6s
Saved checkpoint: results/sgd_gate_run/model_iter_151.pt
  Iteration total: 509.5s

============================================================
Iteration 152/2999
============================================================
Self-play phase:
  Self-play game 1/25 - 62 moves
  Self-play game 2/25 - 15 moves
  Self-play game 3/25 - 48 moves
  Self-play game 4/25 - 32 moves
  Self-play game 5/25 - 65 moves
  Self-play game 6/25 - 18 moves
  Self-play game 7/25 - 35 moves
  Self-play game 8/25 - 15 moves
  Self-play game 9/25 - 88 moves
  Self-play game 10/25 - 71 moves
  Self-play game 11/25 - 40 moves
  Self-play game 12/25 - 49 moves
  Self-play game 13/25 - 26 moves
  Self-play game 14/25 - 20 moves
  Self-play game 15/25 - 17 moves
  Self-play game 16/25 - 68 moves
  Self-play game 17/25 - 35 moves
  Self-play game 18/25 - 44 moves
  Self-play game 19/25 - 17 moves
  Self-play game 20/25 - 28 moves
  Self-play game 21/25 - 36 moves
  Self-play game 22/25 - 69 moves
  Self-play game 23/25 - 20 moves
  Self-play game 24/25 - 54 moves
  Self-play game 25/25 - 11 moves
  Collected 983 samples (avg game length: 39.3)
  Illegal-argmax rate: 16.07%, mean illegal mass: 0.2430
  Self-play time: 140.5s
  Replay buffer: 30000/30000 samples
Training phase:
  LR annealed to 0.001 (milestones: [115, 170])
    Chunk 1/3 (50 steps) - loss: 1.4984 (policy: 1.3826, value: 0.4633)
    Chunk 2/3 (50 steps) - loss: 1.4613 (policy: 1.3440, value: 0.4689)
    Chunk 3/3 (50 steps) - loss: 1.5863 (policy: 1.4669, value: 0.4780)
  Training time: 1.0s
Gating phase:
  Challenger: 5W-6L-9D (win rate 47.50%, threshold 55%)
  -> Champion retained
  Gating time: 338.1s
Saved checkpoint: results/sgd_gate_run/model_iter_152.pt
  Iteration total: 483.6s

============================================================
Iteration 153/2999
============================================================
Self-play phase:
  Self-play game 1/25 - 59 moves
  Self-play game 2/25 - 15 moves
  Self-play game 3/25 - 70 moves
  Self-play game 4/25 - 84 moves
  Self-play game 5/25 - 60 moves
  Self-play game 6/25 - 88 moves
  Self-play game 7/25 - 17 moves
  Self-play game 8/25 - 56 moves
  Self-play game 9/25 - 38 moves
  Self-play game 10/25 - 49 moves
  Self-play game 11/25 - 81 moves
  Self-play game 12/25 - 81 moves
  Self-play game 13/25 - 77 moves
  Self-play game 14/25 - 21 moves
  Self-play game 15/25 - 29 moves
  Self-play game 16/25 - 107 moves
  Self-play game 17/25 - 30 moves
  Self-play game 18/25 - 62 moves
  Self-play game 19/25 - 29 moves
  Self-play game 20/25 - 12 moves
  Self-play game 21/25 - 14 moves
  Self-play game 22/25 - 41 moves
  Self-play game 23/25 - 100 moves
  Self-play game 24/25 - 26 moves
  Self-play game 25/25 - 14 moves
  Collected 1260 samples (avg game length: 50.4)
  Illegal-argmax rate: 16.51%, mean illegal mass: 0.2382
  Self-play time: 178.2s
  Replay buffer: 30000/30000 samples
Training phase:
  LR annealed to 0.001 (milestones: [115, 170])
    Chunk 1/3 (50 steps) - loss: 1.5649 (policy: 1.4472, value: 0.4707)
    Chunk 2/3 (50 steps) - loss: 1.5393 (policy: 1.4214, value: 0.4717)
    Chunk 3/3 (50 steps) - loss: 1.4982 (policy: 1.3795, value: 0.4745)
  Training time: 1.2s
Gating phase:
  Challenger: 4W-5L-11D (win rate 47.50%, threshold 55%)
  -> Champion retained
  Gating time: 334.4s
Saved checkpoint: results/sgd_gate_run/model_iter_153.pt
  Iteration total: 517.8s

Resumed from results/sgd_gate_run/model_iter_153.pt (starting at iteration 154, buffer: 8000 samples)
Device: cuda
Config: {'iterations': 3000, 'games_per_iter': 25, 'mcts_sims': 150, 'steps_per_iter': 50, 'sample_without_replacement': True, 'batch_size': 64, 'lr': 0.01, 'momentum': 0.9, 'lr_milestones': [250, 400], 'weight_decay': 0.0001, 'num_res_blocks': 3, 'num_channels': 32, 'c_puct': 1.0, 'results_dir': 'results/sgd_gate_run/', 'buffer_size': 8000, 'draw_keep_ratio': 1.0, 'value_weight': 0.25, 'gate_games': 20, 'gate_threshold': 0.55, 'resume': 'results/sgd_gate_run/model_iter_153.pt'}
Model params: 83,834

============================================================
Iteration 154/2999
============================================================
Self-play phase:
  Self-play game 1/25 - 13 moves
  Self-play game 2/25 - 48 moves
  Self-play game 3/25 - 80 moves
  Self-play game 4/25 - 16 moves
  Self-play game 5/25 - 89 moves
  Self-play game 6/25 - 80 moves
  Self-play game 7/25 - 13 moves
  Self-play game 8/25 - 53 moves
  Self-play game 9/25 - 22 moves
  Self-play game 10/25 - 32 moves
  Self-play game 11/25 - 62 moves
  Self-play game 12/25 - 29 moves
  Self-play game 13/25 - 58 moves
  Self-play game 14/25 - 56 moves
  Self-play game 15/25 - 33 moves
  Self-play game 16/25 - 48 moves
  Self-play game 17/25 - 84 moves
  Self-play game 18/25 - 13 moves
  Self-play game 19/25 - 35 moves
  Self-play game 20/25 - 37 moves
  Self-play game 21/25 - 14 moves
  Self-play game 22/25 - 27 moves
  Self-play game 23/25 - 60 moves
  Self-play game 24/25 - 34 moves
  Self-play game 25/25 - 49 moves
  Collected 1085 samples (avg game length: 43.4)
  Illegal-argmax rate: 15.30%, mean illegal mass: 0.2396
  Self-play time: 158.1s
  Replay buffer: 8000/8000 samples
Training phase:
    Chunk 1/3 (16 steps) - loss: 1.7002 (policy: 1.5952, value: 0.4201)
    Chunk 2/3 (16 steps) - loss: 2.0678 (policy: 1.9615, value: 0.4250)
    Chunk 3/3 (16 steps) - loss: 1.9763 (policy: 1.8734, value: 0.4115)
    Chunk 4/3 (2 steps) - loss: 1.8195 (policy: 1.7227, value: 0.3875)
  Training time: 1.1s
Gating phase:
  Challenger: 8W-7L-5D (win rate 52.50%, threshold 55%)
  -> Champion retained
  Gating time: 251.3s
Saved checkpoint: results/sgd_gate_run/model_iter_154.pt
  Iteration total: 411.5s

============================================================
Iteration 155/2999
============================================================
Self-play phase:
  Self-play game 1/25 - 19 moves
  Self-play game 2/25 - 40 moves
  Self-play game 3/25 - 81 moves
  Self-play game 4/25 - 62 moves
  Self-play game 5/25 - 58 moves
  Self-play game 6/25 - 11 moves
  Self-play game 7/25 - 27 moves
  Self-play game 8/25 - 20 moves
  Self-play game 9/25 - 70 moves
  Self-play game 10/25 - 67 moves
  Self-play game 11/25 - 18 moves
  Self-play game 12/25 - 54 moves
  Self-play game 13/25 - 39 moves
  Self-play game 14/25 - 28 moves
  Self-play game 15/25 - 79 moves
  Self-play game 16/25 - 37 moves
  Self-play game 17/25 - 88 moves
  Self-play game 18/25 - 19 moves
  Self-play game 19/25 - 51 moves
  Self-play game 20/25 - 69 moves
  Self-play game 21/25 - 37 moves
  Self-play game 22/25 - 32 moves
  Self-play game 23/25 - 66 moves
  Self-play game 24/25 - 19 moves
  Self-play game 25/25 - 84 moves
  Collected 1175 samples (avg game length: 47.0)
  Illegal-argmax rate: 17.96%, mean illegal mass: 0.2608
  Self-play time: 163.8s
  Replay buffer: 8000/8000 samples
Training phase:
    Chunk 1/3 (16 steps) - loss: 1.7162 (policy: 1.6120, value: 0.4166)
    Chunk 2/3 (16 steps) - loss: 1.7732 (policy: 1.6628, value: 0.4418)
    Chunk 3/3 (16 steps) - loss: 1.8724 (policy: 1.7658, value: 0.4261)
    Chunk 4/3 (2 steps) - loss: 1.6222 (policy: 1.5138, value: 0.4333)
  Training time: 0.3s
Gating phase:
  Challenger: 7W-8L-5D (win rate 47.50%, threshold 55%)
  -> Champion retained
  Gating time: 265.3s
Saved checkpoint: results/sgd_gate_run/model_iter_155.pt
  Iteration total: 430.4s

============================================================
Iteration 156/2999
============================================================
Self-play phase:
  Self-play game 1/25 - 68 moves
  Self-play game 2/25 - 48 moves
  Self-play game 3/25 - 46 moves
  Self-play game 4/25 - 65 moves
  Self-play game 5/25 - 25 moves
  Self-play game 6/25 - 37 moves
  Self-play game 7/25 - 48 moves
  Self-play game 8/25 - 32 moves
  Self-play game 9/25 - 27 moves
  Self-play game 10/25 - 15 moves
  Self-play game 11/25 - 104 moves
  Self-play game 12/25 - 18 moves
  Self-play game 13/25 - 46 moves
  Self-play game 14/25 - 29 moves
  Self-play game 15/25 - 9 moves
  Self-play game 16/25 - 40 moves
  Self-play game 17/25 - 11 moves
  Self-play game 18/25 - 50 moves
  Self-play game 19/25 - 45 moves
  Self-play game 20/25 - 31 moves
  Self-play game 21/25 - 8 moves
  Self-play game 22/25 - 9 moves
  Self-play game 23/25 - 52 moves
  Self-play game 24/25 - 54 moves
  Self-play game 25/25 - 35 moves
  Collected 952 samples (avg game length: 38.1)
  Illegal-argmax rate: 15.97%, mean illegal mass: 0.2498
  Self-play time: 123.5s
  Replay buffer: 8000/8000 samples
Training phase:
    Chunk 1/3 (16 steps) - loss: 1.6739 (policy: 1.5620, value: 0.4477)
    Chunk 2/3 (16 steps) - loss: 1.6423 (policy: 1.5263, value: 0.4637)
    Chunk 3/3 (16 steps) - loss: 1.7338 (policy: 1.6179, value: 0.4636)
    Chunk 4/3 (2 steps) - loss: 1.6452 (policy: 1.5572, value: 0.3522)
  Training time: 0.3s
Gating phase:
  Challenger: 12W-2L-6D (win rate 75.00%, threshold 55%)
  -> Challenger PROMOTED to best_model
  Gating time: 214.1s
Saved checkpoint: results/sgd_gate_run/model_iter_156.pt
  Iteration total: 338.9s

============================================================
Iteration 157/2999
============================================================
Self-play phase:
  Self-play game 1/25 - 52 moves
  Self-play game 2/25 - 50 moves
  Self-play game 3/25 - 46 moves
  Self-play game 4/25 - 39 moves
  Self-play game 5/25 - 42 moves
  Self-play game 6/25 - 22 moves
  Self-play game 7/25 - 12 moves
  Self-play game 8/25 - 54 moves
  Self-play game 9/25 - 27 moves
  Self-play game 10/25 - 23 moves
  Self-play game 11/25 - 86 moves
  Self-play game 12/25 - 45 moves
  Self-play game 13/25 - 21 moves
  Self-play game 14/25 - 45 moves
  Self-play game 15/25 - 28 moves
  Self-play game 16/25 - 52 moves
  Self-play game 17/25 - 32 moves
  Self-play game 18/25 - 25 moves
  Self-play game 19/25 - 27 moves
  Self-play game 20/25 - 108 moves
  Self-play game 21/25 - 19 moves
  Self-play game 22/25 - 43 moves
  Self-play game 23/25 - 63 moves
  Self-play game 24/25 - 48 moves
  Self-play game 25/25 - 23 moves
  Collected 1032 samples (avg game length: 41.3)
  Illegal-argmax rate: 17.54%, mean illegal mass: 0.2876
  Self-play time: 143.5s
  Replay buffer: 8000/8000 samples
Training phase:
    Chunk 1/3 (16 steps) - loss: 1.4649 (policy: 1.3518, value: 0.4524)
    Chunk 2/3 (16 steps) - loss: 1.6355 (policy: 1.5309, value: 0.4184)
    Chunk 3/3 (16 steps) - loss: 1.7049 (policy: 1.5936, value: 0.4452)
    Chunk 4/3 (2 steps) - loss: 1.2972 (policy: 1.1784, value: 0.4753)
  Training time: 0.4s
Gating phase:
  Challenger: 1W-1L-18D (win rate 50.00%, threshold 55%)
  -> Champion retained
  Gating time: 298.6s
Saved checkpoint: results/sgd_gate_run/model_iter_157.pt
  Iteration total: 443.5s

============================================================
Iteration 158/2999
============================================================
Self-play phase:
  Self-play game 1/25 - 18 moves
  Self-play game 2/25 - 17 moves
  Self-play game 3/25 - 12 moves
  Self-play game 4/25 - 56 moves
  Self-play game 5/25 - 75 moves
  Self-play game 6/25 - 31 moves
  Self-play game 7/25 - 47 moves
  Self-play game 8/25 - 38 moves
  Self-play game 9/25 - 54 moves
  Self-play game 10/25 - 18 moves
  Self-play game 11/25 - 29 moves
  Self-play game 12/25 - 28 moves
  Self-play game 13/25 - 27 moves
  Self-play game 14/25 - 12 moves
  Self-play game 15/25 - 33 moves
  Self-play game 16/25 - 42 moves
  Self-play game 17/25 - 82 moves
  Self-play game 18/25 - 16 moves
  Self-play game 19/25 - 12 moves
  Self-play game 20/25 - 36 moves
  Self-play game 21/25 - 23 moves
  Self-play game 22/25 - 19 moves
  Self-play game 23/25 - 20 moves
  Self-play game 24/25 - 10 moves
  Self-play game 25/25 - 13 moves
  Collected 768 samples (avg game length: 30.7)
  Illegal-argmax rate: 14.97%, mean illegal mass: 0.2528
  Self-play time: 105.2s
  Replay buffer: 8000/8000 samples
Training phase:
    Chunk 1/3 (16 steps) - loss: 1.5283 (policy: 1.4152, value: 0.4522)
    Chunk 2/3 (16 steps) - loss: 1.6070 (policy: 1.4975, value: 0.4382)
    Chunk 3/3 (16 steps) - loss: 1.4190 (policy: 1.3067, value: 0.4492)
    Chunk 4/3 (2 steps) - loss: 1.8133 (policy: 1.6828, value: 0.5218)
  Training time: 0.3s
Gating phase:
  Challenger: 0W-11L-9D (win rate 22.50%, threshold 55%)
  -> Champion retained
  Gating time: 256.2s
Saved checkpoint: results/sgd_gate_run/model_iter_158.pt
  Iteration total: 362.7s

============================================================
Iteration 159/2999
============================================================
Self-play phase:
  Self-play game 1/25 - 81 moves
  Self-play game 2/25 - 27 moves
  Self-play game 3/25 - 12 moves
  Self-play game 4/25 - 46 moves
  Self-play game 5/25 - 12 moves
  Self-play game 6/25 - 22 moves
  Self-play game 7/25 - 80 moves
  Self-play game 8/25 - 43 moves
  Self-play game 9/25 - 10 moves
  Self-play game 10/25 - 15 moves
  Self-play game 11/25 - 9 moves
  Self-play game 12/25 - 10 moves
  Self-play game 13/25 - 33 moves
  Self-play game 14/25 - 48 moves
  Self-play game 15/25 - 51 moves
  Self-play game 16/25 - 22 moves
  Self-play game 17/25 - 65 moves
  Self-play game 18/25 - 13 moves
  Self-play game 19/25 - 186 moves
  Self-play game 20/25 - 60 moves
  Self-play game 21/25 - 38 moves
  Self-play game 22/25 - 39 moves
  Self-play game 23/25 - 36 moves
  Self-play game 24/25 - 25 moves
  Self-play game 25/25 - 80 moves
  Collected 1063 samples (avg game length: 42.5)
  Illegal-argmax rate: 18.34%, mean illegal mass: 0.2971
  Self-play time: 139.2s
  Replay buffer: 8000/8000 samples
Training phase:
    Chunk 1/3 (16 steps) - loss: 1.4230 (policy: 1.3133, value: 0.4388)
    Chunk 2/3 (16 steps) - loss: 1.4713 (policy: 1.3672, value: 0.4163)
    Chunk 3/3 (16 steps) - loss: 1.6007 (policy: 1.4906, value: 0.4405)
    Chunk 4/3 (2 steps) - loss: 1.4316 (policy: 1.3289, value: 0.4112)
  Training time: 0.4s
Gating phase:
  Challenger: 7W-3L-10D (win rate 60.00%, threshold 55%)
  -> Challenger PROMOTED to best_model
  Gating time: 381.1s
Saved checkpoint: results/sgd_gate_run/model_iter_159.pt
  Iteration total: 521.5s

============================================================
Iteration 160/2999
============================================================
Self-play phase:
  Self-play game 1/25 - 48 moves
  Self-play game 2/25 - 15 moves
  Self-play game 3/25 - 25 moves
  Self-play game 4/25 - 23 moves
  Self-play game 5/25 - 60 moves
  Self-play game 6/25 - 68 moves
  Self-play game 7/25 - 111 moves
  Self-play game 8/25 - 44 moves
  Self-play game 9/25 - 71 moves
  Self-play game 10/25 - 40 moves
  Self-play game 11/25 - 26 moves
  Self-play game 12/25 - 94 moves
  Self-play game 13/25 - 85 moves
  Self-play game 14/25 - 36 moves
  Self-play game 15/25 - 106 moves
  Self-play game 16/25 - 17 moves
  Self-play game 17/25 - 25 moves
  Self-play game 18/25 - 48 moves
  Self-play game 19/25 - 29 moves
  Self-play game 20/25 - 40 moves
  Self-play game 21/25 - 35 moves
  Self-play game 22/25 - 59 moves
  Self-play game 23/25 - 46 moves
  Self-play game 24/25 - 46 moves
  Self-play game 25/25 - 20 moves
  Collected 1217 samples (avg game length: 48.7)
  Illegal-argmax rate: 17.01%, mean illegal mass: 0.2583
  Self-play time: 162.4s
  Replay buffer: 8000/8000 samples
Training phase:
    Chunk 1/3 (16 steps) - loss: 1.4494 (policy: 1.3368, value: 0.4505)
    Chunk 2/3 (16 steps) - loss: 1.4877 (policy: 1.3808, value: 0.4274)
    Chunk 3/3 (16 steps) - loss: 1.5044 (policy: 1.3909, value: 0.4540)
    Chunk 4/3 (2 steps) - loss: 1.4943 (policy: 1.3849, value: 0.4376)
  Training time: 0.3s
Gating phase:
  Challenger: 2W-5L-13D (win rate 42.50%, threshold 55%)
  -> Champion retained
  Gating time: 342.1s
Saved checkpoint: results/sgd_gate_run/model_iter_160.pt
  Iteration total: 505.9s

============================================================
Iteration 161/2999
============================================================
Self-play phase:
  Self-play game 1/25 - 38 moves
  Self-play game 2/25 - 113 moves
  Self-play game 3/25 - 50 moves
  Self-play game 4/25 - 30 moves
  Self-play game 5/25 - 54 moves
  Self-play game 6/25 - 56 moves
  Self-play game 7/25 - 35 moves
  Self-play game 8/25 - 35 moves
  Self-play game 9/25 - 34 moves
  Self-play game 10/25 - 69 moves
  Self-play game 11/25 - 69 moves
  Self-play game 12/25 - 13 moves
  Self-play game 13/25 - 24 moves
  Self-play game 14/25 - 39 moves
  Self-play game 15/25 - 21 moves
  Self-play game 16/25 - 51 moves
  Self-play game 17/25 - 76 moves
  Self-play game 18/25 - 44 moves
  Self-play game 19/25 - 75 moves
  Self-play game 20/25 - 57 moves
  Self-play game 21/25 - 33 moves
  Self-play game 22/25 - 84 moves
  Self-play game 23/25 - 51 moves
  Self-play game 24/25 - 52 moves
  Self-play game 25/25 - 12 moves
  Collected 1215 samples (avg game length: 48.6)
  Illegal-argmax rate: 18.27%, mean illegal mass: 0.2767
  Self-play time: 170.0s
  Replay buffer: 8000/8000 samples
Training phase:
    Chunk 1/3 (16 steps) - loss: 1.3942 (policy: 1.2795, value: 0.4591)
    Chunk 2/3 (16 steps) - loss: 1.5555 (policy: 1.4334, value: 0.4883)
    Chunk 3/3 (16 steps) - loss: 1.3526 (policy: 1.2391, value: 0.4540)
    Chunk 4/3 (2 steps) - loss: 1.5579 (policy: 1.4263, value: 0.5262)
  Training time: 0.3s
Gating phase:
  Challenger: 1W-4L-15D (win rate 42.50%, threshold 55%)
  -> Champion retained
  Gating time: 429.8s
Saved checkpoint: results/sgd_gate_run/model_iter_161.pt
  Iteration total: 601.1s

============================================================
Iteration 162/2999
============================================================
Self-play phase:
  Self-play game 1/25 - 35 moves
  Self-play game 2/25 - 46 moves
  Self-play game 3/25 - 14 moves
  Self-play game 4/25 - 54 moves
  Self-play game 5/25 - 86 moves
  Self-play game 6/25 - 22 moves
  Self-play game 7/25 - 38 moves
  Self-play game 8/25 - 36 moves
  Self-play game 9/25 - 75 moves
  Self-play game 10/25 - 16 moves
  Self-play game 11/25 - 32 moves
  Self-play game 12/25 - 48 moves
  Self-play game 13/25 - 33 moves
  Self-play game 14/25 - 20 moves
  Self-play game 15/25 - 30 moves
  Self-play game 16/25 - 48 moves
  Self-play game 17/25 - 96 moves
  Self-play game 18/25 - 38 moves
  Self-play game 19/25 - 49 moves
  Self-play game 20/25 - 14 moves
  Self-play game 21/25 - 101 moves
  Self-play game 22/25 - 68 moves
  Self-play game 23/25 - 42 moves
  Self-play game 24/25 - 38 moves
  Self-play game 25/25 - 44 moves
  Collected 1123 samples (avg game length: 44.9)
  Illegal-argmax rate: 16.74%, mean illegal mass: 0.2704
  Self-play time: 146.7s
  Replay buffer: 8000/8000 samples
Training phase:
    Chunk 1/3 (16 steps) - loss: 1.4462 (policy: 1.3334, value: 0.4514)
    Chunk 2/3 (16 steps) - loss: 1.6215 (policy: 1.5151, value: 0.4256)
    Chunk 3/3 (16 steps) - loss: 1.6101 (policy: 1.4979, value: 0.4485)
    Chunk 4/3 (2 steps) - loss: 1.3839 (policy: 1.2515, value: 0.5295)
  Training time: 0.3s
Gating phase:
  Challenger: 2W-6L-12D (win rate 40.00%, threshold 55%)
  -> Champion retained
  Gating time: 301.6s
Saved checkpoint: results/sgd_gate_run/model_iter_162.pt
  Iteration total: 449.5s

============================================================
Iteration 163/2999
============================================================
Self-play phase:
  Self-play game 1/25 - 129 moves
  Self-play game 2/25 - 58 moves
  Self-play game 3/25 - 64 moves
  Self-play game 4/25 - 16 moves
  Self-play game 5/25 - 51 moves
  Self-play game 6/25 - 14 moves
  Self-play game 7/25 - 76 moves
  Self-play game 8/25 - 64 moves
  Self-play game 9/25 - 40 moves
  Self-play game 10/25 - 14 moves
  Self-play game 11/25 - 44 moves
  Self-play game 12/25 - 50 moves
  Self-play game 13/25 - 46 moves
  Self-play game 14/25 - 13 moves
  Self-play game 15/25 - 22 moves
  Self-play game 16/25 - 20 moves
  Self-play game 17/25 - 69 moves
  Self-play game 18/25 - 38 moves
  Self-play game 19/25 - 20 moves
  Self-play game 20/25 - 16 moves
  Self-play game 21/25 - 55 moves
  Self-play game 22/25 - 75 moves
  Self-play game 23/25 - 51 moves
  Self-play game 24/25 - 9 moves
  Self-play game 25/25 - 97 moves
  Collected 1151 samples (avg game length: 46.0)
  Illegal-argmax rate: 20.76%, mean illegal mass: 0.2965
  Self-play time: 149.1s
  Replay buffer: 8000/8000 samples
Training phase:
    Chunk 1/3 (16 steps) - loss: 1.4416 (policy: 1.3279, value: 0.4546)
    Chunk 2/3 (16 steps) - loss: 1.3152 (policy: 1.1981, value: 0.4685)
    Chunk 3/3 (16 steps) - loss: 1.4721 (policy: 1.3627, value: 0.4379)
    Chunk 4/3 (2 steps) - loss: 1.5772 (policy: 1.4533, value: 0.4954)
  Training time: 0.3s
Gating phase:
  Challenger: 12W-1L-7D (win rate 77.50%, threshold 55%)
  -> Challenger PROMOTED to best_model
  Gating time: 433.9s
Saved checkpoint: results/sgd_gate_run/model_iter_163.pt
  Iteration total: 584.4s

============================================================
Iteration 164/2999
============================================================
Self-play phase:
  Self-play game 1/25 - 28 moves
  Self-play game 2/25 - 28 moves
  Self-play game 3/25 - 16 moves
  Self-play game 4/25 - 18 moves
  Self-play game 5/25 - 13 moves
  Self-play game 6/25 - 40 moves
  Self-play game 7/25 - 39 moves
  Self-play game 8/25 - 25 moves
  Self-play game 9/25 - 9 moves
  Self-play game 10/25 - 44 moves
  Self-play game 11/25 - 99 moves
  Self-play game 12/25 - 39 moves
  Self-play game 13/25 - 15 moves
  Self-play game 14/25 - 54 moves
  Self-play game 15/25 - 31 moves
  Self-play game 16/25 - 61 moves
  Self-play game 17/25 - 48 moves
  Self-play game 18/25 - 34 moves
  Self-play game 19/25 - 22 moves
  Self-play game 20/25 - 125 moves
  Self-play game 21/25 - 61 moves
  Self-play game 22/25 - 15 moves
  Self-play game 23/25 - 61 moves
  Self-play game 24/25 - 72 moves
  Self-play game 25/25 - 29 moves
  Collected 1026 samples (avg game length: 41.0)
  Illegal-argmax rate: 15.79%, mean illegal mass: 0.2422
  Self-play time: 144.4s
  Replay buffer: 8000/8000 samples
Training phase:
    Chunk 1/3 (16 steps) - loss: 1.3794 (policy: 1.2685, value: 0.4437)
    Chunk 2/3 (16 steps) - loss: 1.5215 (policy: 1.4000, value: 0.4858)
    Chunk 3/3 (16 steps) - loss: 1.6320 (policy: 1.5221, value: 0.4397)
    Chunk 4/3 (2 steps) - loss: 1.8354 (policy: 1.7349, value: 0.4020)
  Training time: 0.3s
Gating phase:
  Challenger: 3W-6L-11D (win rate 42.50%, threshold 55%)
  -> Champion retained
  Gating time: 377.9s
Saved checkpoint: results/sgd_gate_run/model_iter_164.pt
  Iteration total: 523.7s

============================================================
Iteration 165/2999
============================================================
Self-play phase:
  Self-play game 1/25 - 87 moves
  Self-play game 2/25 - 39 moves
  Self-play game 3/25 - 96 moves
  Self-play game 4/25 - 36 moves
  Self-play game 5/25 - 39 moves
  Self-play game 6/25 - 48 moves
  Self-play game 7/25 - 11 moves
  Self-play game 8/25 - 43 moves
  Self-play game 9/25 - 63 moves
  Self-play game 10/25 - 13 moves
  Self-play game 11/25 - 21 moves
  Self-play game 12/25 - 26 moves
  Self-play game 13/25 - 50 moves
  Self-play game 14/25 - 154 moves
  Self-play game 15/25 - 41 moves
  Self-play game 16/25 - 21 moves
  Self-play game 17/25 - 121 moves
  Self-play game 18/25 - 62 moves
  Self-play game 19/25 - 117 moves
  Self-play game 20/25 - 42 moves
  Self-play game 21/25 - 65 moves
  Self-play game 22/25 - 26 moves
  Self-play game 23/25 - 76 moves
  Self-play game 24/25 - 44 moves
  Self-play game 25/25 - 13 moves
  Collected 1354 samples (avg game length: 54.2)
  Illegal-argmax rate: 16.84%, mean illegal mass: 0.2541
  Self-play time: 177.1s
  Replay buffer: 8000/8000 samples
Training phase:
    Chunk 1/3 (16 steps) - loss: 1.5654 (policy: 1.4467, value: 0.4748)
    Chunk 2/3 (16 steps) - loss: 1.3766 (policy: 1.2611, value: 0.4621)
    Chunk 3/3 (16 steps) - loss: 1.6782 (policy: 1.5636, value: 0.4586)
    Chunk 4/3 (2 steps) - loss: 1.5680 (policy: 1.4278, value: 0.5609)
  Training time: 0.4s
Gating phase:
  Challenger: 5W-9L-6D (win rate 40.00%, threshold 55%)
  -> Champion retained
  Gating time: 418.7s
Saved checkpoint: results/sgd_gate_run/model_iter_165.pt
  Iteration total: 597.2s

============================================================
Iteration 166/2999
============================================================
Self-play phase:
  Self-play game 1/25 - 71 moves
  Self-play game 2/25 - 15 moves
  Self-play game 3/25 - 56 moves
  Self-play game 4/25 - 82 moves
  Self-play game 5/25 - 32 moves
  Self-play game 6/25 - 45 moves
  Self-play game 7/25 - 59 moves
  Self-play game 8/25 - 10 moves
  Self-play game 9/25 - 72 moves
  Self-play game 10/25 - 92 moves
  Self-play game 11/25 - 109 moves
  Self-play game 12/25 - 37 moves
  Self-play game 13/25 - 77 moves
  Self-play game 14/25 - 24 moves
  Self-play game 15/25 - 53 moves
  Self-play game 16/25 - 8 moves
  Self-play game 17/25 - 14 moves
  Self-play game 18/25 - 74 moves
  Self-play game 19/25 - 17 moves
  Self-play game 20/25 - 36 moves
  Self-play game 21/25 - 14 moves
  Self-play game 22/25 - 78 moves
  Self-play game 23/25 - 37 moves
  Self-play game 24/25 - 18 moves
  Self-play game 25/25 - 50 moves
  Collected 1180 samples (avg game length: 47.2)
  Illegal-argmax rate: 17.03%, mean illegal mass: 0.2592
  Self-play time: 169.2s
  Replay buffer: 8000/8000 samples
Training phase:
    Chunk 1/3 (16 steps) - loss: 1.5006 (policy: 1.3857, value: 0.4593)
    Chunk 2/3 (16 steps) - loss: 1.4509 (policy: 1.3294, value: 0.4863)
    Chunk 3/3 (16 steps) - loss: 1.2817 (policy: 1.1737, value: 0.4321)
    Chunk 4/3 (2 steps) - loss: 1.4605 (policy: 1.3646, value: 0.3836)
  Training time: 0.4s
Gating phase:
  Challenger: 5W-1L-14D (win rate 60.00%, threshold 55%)
  -> Challenger PROMOTED to best_model
  Gating time: 307.4s
Saved checkpoint: results/sgd_gate_run/model_iter_166.pt
  Iteration total: 478.0s

============================================================
Iteration 167/2999
============================================================
Self-play phase:
  Self-play game 1/25 - 46 moves
  Self-play game 2/25 - 90 moves
  Self-play game 3/25 - 95 moves
  Self-play game 4/25 - 13 moves
  Self-play game 5/25 - 99 moves
  Self-play game 6/25 - 20 moves
  Self-play game 7/25 - 44 moves
  Self-play game 8/25 - 23 moves
  Self-play game 9/25 - 12 moves
  Self-play game 10/25 - 46 moves
  Self-play game 11/25 - 81 moves
  Self-play game 12/25 - 44 moves
  Self-play game 13/25 - 27 moves
  Self-play game 14/25 - 41 moves
  Self-play game 15/25 - 40 moves
  Self-play game 16/25 - 66 moves
  Self-play game 17/25 - 35 moves
  Self-play game 18/25 - 13 moves
  Self-play game 19/25 - 11 moves
  Self-play game 20/25 - 37 moves
  Self-play game 21/25 - 53 moves
  Self-play game 22/25 - 11 moves
  Self-play game 23/25 - 39 moves
  Self-play game 24/25 - 82 moves
  Self-play game 25/25 - 39 moves
  Collected 1107 samples (avg game length: 44.3)
  Illegal-argmax rate: 18.43%, mean illegal mass: 0.2747
  Self-play time: 158.6s
  Replay buffer: 8000/8000 samples
Training phase:
    Chunk 1/3 (16 steps) - loss: 1.5090 (policy: 1.3925, value: 0.4660)
    Chunk 2/3 (16 steps) - loss: 1.4068 (policy: 1.2967, value: 0.4405)
    Chunk 3/3 (16 steps) - loss: 1.4699 (policy: 1.3639, value: 0.4242)
    Chunk 4/3 (2 steps) - loss: 1.1604 (policy: 1.0328, value: 0.5107)
  Training time: 0.3s
Gating phase:
  Challenger: 2W-5L-13D (win rate 42.50%, threshold 55%)
  -> Champion retained
  Gating time: 311.9s
Saved checkpoint: results/sgd_gate_run/model_iter_167.pt
  Iteration total: 471.9s

============================================================
Iteration 168/2999
============================================================
Self-play phase:
  Self-play game 1/25 - 59 moves
  Self-play game 2/25 - 50 moves
  Self-play game 3/25 - 15 moves
  Self-play game 4/25 - 30 moves
  Self-play game 5/25 - 21 moves
  Self-play game 6/25 - 11 moves
  Self-play game 7/25 - 54 moves
  Self-play game 8/25 - 81 moves
  Self-play game 9/25 - 56 moves
  Self-play game 10/25 - 57 moves
  Self-play game 11/25 - 31 moves
  Self-play game 12/25 - 23 moves
  Self-play game 13/25 - 19 moves
  Self-play game 14/25 - 36 moves
  Self-play game 15/25 - 55 moves
  Self-play game 16/25 - 72 moves
  Self-play game 17/25 - 108 moves
  Self-play game 18/25 - 22 moves
  Self-play game 19/25 - 36 moves
  Self-play game 20/25 - 28 moves
  Self-play game 21/25 - 70 moves
  Self-play game 22/25 - 11 moves
  Self-play game 23/25 - 8 moves
  Self-play game 24/25 - 105 moves
  Self-play game 25/25 - 82 moves
  Collected 1140 samples (avg game length: 45.6)
  Illegal-argmax rate: 17.89%, mean illegal mass: 0.2729
  Self-play time: 155.7s
  Replay buffer: 8000/8000 samples
Training phase:
    Chunk 1/3 (16 steps) - loss: 1.4213 (policy: 1.3064, value: 0.4597)
    Chunk 2/3 (16 steps) - loss: 1.5132 (policy: 1.4074, value: 0.4231)
    Chunk 3/3 (16 steps) - loss: 1.4436 (policy: 1.3268, value: 0.4670)
    Chunk 4/3 (2 steps) - loss: 1.8605 (policy: 1.7360, value: 0.4978)
  Training time: 0.3s
Gating phase:
  Challenger: 3W-8L-9D (win rate 37.50%, threshold 55%)
  -> Champion retained
  Gating time: 281.4s
Saved checkpoint: results/sgd_gate_run/model_iter_168.pt
  Iteration total: 438.4s

============================================================
Iteration 169/2999
============================================================
Self-play phase:
  Self-play game 1/25 - 91 moves
  Self-play game 2/25 - 46 moves
  Self-play game 3/25 - 43 moves
  Self-play game 4/25 - 73 moves
  Self-play game 5/25 - 67 moves
  Self-play game 6/25 - 48 moves
  Self-play game 7/25 - 33 moves
  Self-play game 8/25 - 11 moves
  Self-play game 9/25 - 112 moves
  Self-play game 10/25 - 23 moves
  Self-play game 11/25 - 71 moves
  Self-play game 12/25 - 79 moves
  Self-play game 13/25 - 17 moves
  Self-play game 14/25 - 84 moves
  Self-play game 15/25 - 129 moves
  Self-play game 16/25 - 11 moves
  Self-play game 17/25 - 126 moves
  Self-play game 18/25 - 50 moves
  Self-play game 19/25 - 103 moves
  Self-play game 20/25 - 75 moves
  Self-play game 21/25 - 76 moves
  Self-play game 22/25 - 46 moves
  Self-play game 23/25 - 24 moves
  Self-play game 24/25 - 51 moves
  Self-play game 25/25 - 47 moves
  Collected 1536 samples (avg game length: 61.4)
  Illegal-argmax rate: 16.28%, mean illegal mass: 0.2656
  Self-play time: 205.5s
  Replay buffer: 8000/8000 samples
Training phase:
    Chunk 1/3 (16 steps) - loss: 1.5561 (policy: 1.4373, value: 0.4752)
    Chunk 2/3 (16 steps) - loss: 1.3122 (policy: 1.1968, value: 0.4615)
    Chunk 3/3 (16 steps) - loss: 1.5338 (policy: 1.4168, value: 0.4677)
    Chunk 4/3 (2 steps) - loss: 1.5304 (policy: 1.4200, value: 0.4417)
  Training time: 0.3s
Gating phase:
  Challenger: 1W-10L-9D (win rate 27.50%, threshold 55%)
  -> Champion retained
  Gating time: 381.4s
Saved checkpoint: results/sgd_gate_run/model_iter_169.pt
  Iteration total: 588.1s

============================================================
Iteration 170/2999
============================================================
Self-play phase:
  Self-play game 1/25 - 38 moves
  Self-play game 2/25 - 31 moves
  Self-play game 3/25 - 78 moves
  Self-play game 4/25 - 21 moves
  Self-play game 5/25 - 22 moves
  Self-play game 6/25 - 15 moves
  Self-play game 7/25 - 57 moves
  Self-play game 8/25 - 10 moves
  Self-play game 9/25 - 24 moves
  Self-play game 10/25 - 57 moves
  Self-play game 11/25 - 13 moves
  Self-play game 12/25 - 44 moves
  Self-play game 13/25 - 43 moves
  Self-play game 14/25 - 67 moves
  Self-play game 15/25 - 28 moves
  Self-play game 16/25 - 94 moves
  Self-play game 17/25 - 11 moves
  Self-play game 18/25 - 24 moves
  Self-play game 19/25 - 50 moves
  Self-play game 20/25 - 75 moves
  Self-play game 21/25 - 74 moves
  Self-play game 22/25 - 70 moves
  Self-play game 23/25 - 55 moves
  Self-play game 24/25 - 98 moves
  Self-play game 25/25 - 66 moves
  Collected 1165 samples (avg game length: 46.6)
  Illegal-argmax rate: 15.19%, mean illegal mass: 0.2594
  Self-play time: 166.2s
  Replay buffer: 8000/8000 samples
Training phase:
    Chunk 1/3 (16 steps) - loss: 1.5021 (policy: 1.3919, value: 0.4409)
    Chunk 2/3 (16 steps) - loss: 1.4639 (policy: 1.3483, value: 0.4623)
    Chunk 3/3 (16 steps) - loss: 1.4527 (policy: 1.3447, value: 0.4322)
    Chunk 4/3 (2 steps) - loss: 1.9077 (policy: 1.7907, value: 0.4680)
  Training time: 0.3s
Gating phase:
  Challenger: 2W-11L-7D (win rate 27.50%, threshold 55%)
  -> Champion retained
  Gating time: 381.5s
Saved checkpoint: results/sgd_gate_run/model_iter_170.pt
  Iteration total: 549.1s

============================================================
Iteration 171/2999
============================================================
Self-play phase:
  Self-play game 1/25 - 58 moves
  Self-play game 2/25 - 53 moves
  Self-play game 3/25 - 55 moves
  Self-play game 4/25 - 13 moves
  Self-play game 5/25 - 52 moves
  Self-play game 6/25 - 17 moves
  Self-play game 7/25 - 74 moves
  Self-play game 8/25 - 71 moves
  Self-play game 9/25 - 39 moves
  Self-play game 10/25 - 34 moves
  Self-play game 11/25 - 25 moves
  Self-play game 12/25 - 34 moves
  Self-play game 13/25 - 35 moves
  Self-play game 14/25 - 40 moves
  Self-play game 15/25 - 72 moves
  Self-play game 16/25 - 26 moves
  Self-play game 17/25 - 34 moves
  Self-play game 18/25 - 21 moves
  Self-play game 19/25 - 15 moves
  Self-play game 20/25 - 47 moves
  Self-play game 21/25 - 30 moves
  Self-play game 22/25 - 38 moves
  Self-play game 23/25 - 40 moves
  Self-play game 24/25 - 52 moves
  Self-play game 25/25 - 6 moves
  Collected 981 samples (avg game length: 39.2)
  Illegal-argmax rate: 16.72%, mean illegal mass: 0.2671
  Self-play time: 135.8s
  Replay buffer: 8000/8000 samples
Training phase:
    Chunk 1/3 (16 steps) - loss: 1.4401 (policy: 1.3268, value: 0.4529)
    Chunk 2/3 (16 steps) - loss: 1.3589 (policy: 1.2443, value: 0.4585)
    Chunk 3/3 (16 steps) - loss: 1.4064 (policy: 1.2968, value: 0.4384)
    Chunk 4/3 (2 steps) - loss: 1.3488 (policy: 1.2422, value: 0.4264)
  Training time: 0.3s
Gating phase:
  Challenger: 9W-6L-5D (win rate 57.50%, threshold 55%)
  -> Challenger PROMOTED to best_model
  Gating time: 315.9s
Saved checkpoint: results/sgd_gate_run/model_iter_171.pt
  Iteration total: 453.1s

============================================================
Iteration 172/2999
============================================================
Self-play phase:
  Self-play game 1/25 - 82 moves
  Self-play game 2/25 - 14 moves
  Self-play game 3/25 - 20 moves
  Self-play game 4/25 - 48 moves
  Self-play game 5/25 - 13 moves
  Self-play game 6/25 - 36 moves
  Self-play game 7/25 - 140 moves
  Self-play game 8/25 - 20 moves
  Self-play game 9/25 - 42 moves
  Self-play game 10/25 - 125 moves
  Self-play game 11/25 - 26 moves
  Self-play game 12/25 - 105 moves
  Self-play game 13/25 - 116 moves
  Self-play game 14/25 - 14 moves
  Self-play game 15/25 - 44 moves
  Self-play game 16/25 - 24 moves
  Self-play game 17/25 - 35 moves
  Self-play game 18/25 - 30 moves
  Self-play game 19/25 - 39 moves
  Self-play game 20/25 - 49 moves
  Self-play game 21/25 - 39 moves
  Self-play game 22/25 - 47 moves
  Self-play game 23/25 - 44 moves
  Self-play game 24/25 - 44 moves
  Self-play game 25/25 - 37 moves
  Collected 1233 samples (avg game length: 49.3)
  Illegal-argmax rate: 20.28%, mean illegal mass: 0.2821
  Self-play time: 168.4s
  Replay buffer: 8000/8000 samples
Training phase:
    Chunk 1/3 (16 steps) - loss: 1.5786 (policy: 1.4632, value: 0.4615)
    Chunk 2/3 (16 steps) - loss: 1.3237 (policy: 1.2141, value: 0.4382)
    Chunk 3/3 (16 steps) - loss: 1.6351 (policy: 1.5256, value: 0.4383)
    Chunk 4/3 (2 steps) - loss: 1.2119 (policy: 1.1118, value: 0.4004)
  Training time: 0.3s
Gating phase:
  Challenger: 4W-4L-12D (win rate 50.00%, threshold 55%)
  -> Champion retained
  Gating time: 390.4s
Saved checkpoint: results/sgd_gate_run/model_iter_172.pt
  Iteration total: 560.1s

============================================================
Iteration 173/2999
============================================================
Self-play phase:
  Self-play game 1/25 - 56 moves
  Self-play game 2/25 - 34 moves
  Self-play game 3/25 - 8 moves
  Self-play game 4/25 - 40 moves
  Self-play game 5/25 - 32 moves
  Self-play game 6/25 - 38 moves
  Self-play game 7/25 - 21 moves
  Self-play game 8/25 - 21 moves
  Self-play game 9/25 - 21 moves
  Self-play game 10/25 - 82 moves
  Self-play game 11/25 - 43 moves
  Self-play game 12/25 - 32 moves
  Self-play game 13/25 - 108 moves
  Self-play game 14/25 - 37 moves
  Self-play game 15/25 - 45 moves
  Self-play game 16/25 - 75 moves
  Self-play game 17/25 - 49 moves
  Self-play game 18/25 - 11 moves
  Self-play game 19/25 - 97 moves
  Self-play game 20/25 - 77 moves
  Self-play game 21/25 - 16 moves
  Self-play game 22/25 - 10 moves
  Self-play game 23/25 - 141 moves
  Self-play game 24/25 - 32 moves
  Self-play game 25/25 - 11 moves
  Collected 1137 samples (avg game length: 45.5)
  Illegal-argmax rate: 17.41%, mean illegal mass: 0.2654
  Self-play time: 155.4s
  Replay buffer: 8000/8000 samples
Training phase:
    Chunk 1/3 (16 steps) - loss: 1.4424 (policy: 1.3312, value: 0.4447)
    Chunk 2/3 (16 steps) - loss: 1.4784 (policy: 1.3741, value: 0.4172)
    Chunk 3/3 (16 steps) - loss: 1.5587 (policy: 1.4474, value: 0.4453)
    Chunk 4/3 (2 steps) - loss: 1.8110 (policy: 1.6916, value: 0.4774)
  Training time: 0.4s
Gating phase:
  Challenger: 2W-6L-12D (win rate 40.00%, threshold 55%)
  -> Champion retained
  Gating time: 257.5s
Saved checkpoint: results/sgd_gate_run/model_iter_173.pt
  Iteration total: 414.4s

============================================================
Iteration 174/2999
============================================================
Self-play phase:
  Self-play game 1/25 - 18 moves
  Self-play game 2/25 - 24 moves
  Self-play game 3/25 - 36 moves
  Self-play game 4/25 - 85 moves
  Self-play game 5/25 - 19 moves
  Self-play game 6/25 - 78 moves
  Self-play game 7/25 - 5 moves
  Self-play game 8/25 - 10 moves
  Self-play game 9/25 - 54 moves
  Self-play game 10/25 - 57 moves
  Self-play game 11/25 - 33 moves
  Self-play game 12/25 - 77 moves
  Self-play game 13/25 - 71 moves
  Self-play game 14/25 - 27 moves
  Self-play game 15/25 - 79 moves
  Self-play game 16/25 - 37 moves
  Self-play game 17/25 - 19 moves
  Self-play game 18/25 - 33 moves
  Self-play game 19/25 - 68 moves
  Self-play game 20/25 - 87 moves
  Self-play game 21/25 - 55 moves
  Self-play game 22/25 - 28 moves
  Self-play game 23/25 - 33 moves
  Self-play game 24/25 - 24 moves
  Self-play game 25/25 - 68 moves
  Collected 1125 samples (avg game length: 45.0)
  Illegal-argmax rate: 18.13%, mean illegal mass: 0.2645
  Self-play time: 154.4s
  Replay buffer: 8000/8000 samples
Training phase:
    Chunk 1/3 (16 steps) - loss: 1.4435 (policy: 1.3412, value: 0.4091)
    Chunk 2/3 (16 steps) - loss: 1.6556 (policy: 1.5520, value: 0.4145)
    Chunk 3/3 (16 steps) - loss: 1.5226 (policy: 1.4257, value: 0.3876)
    Chunk 4/3 (2 steps) - loss: 1.4603 (policy: 1.3538, value: 0.4260)
  Training time: 0.3s
Gating phase:
  Challenger: 6W-10L-4D (win rate 40.00%, threshold 55%)
  -> Champion retained
  Gating time: 320.4s
Saved checkpoint: results/sgd_gate_run/model_iter_174.pt
  Iteration total: 476.2s

============================================================
Iteration 175/2999
============================================================
Self-play phase:
  Self-play game 1/25 - 45 moves
  Self-play game 2/25 - 76 moves
  Self-play game 3/25 - 36 moves
  Self-play game 4/25 - 15 moves
  Self-play game 5/25 - 54 moves
  Self-play game 6/25 - 41 moves
  Self-play game 7/25 - 14 moves
  Self-play game 8/25 - 30 moves
  Self-play game 9/25 - 31 moves
  Self-play game 10/25 - 38 moves
  Self-play game 11/25 - 26 moves
  Self-play game 12/25 - 58 moves
  Self-play game 13/25 - 51 moves
  Self-play game 14/25 - 28 moves
  Self-play game 15/25 - 33 moves
  Self-play game 16/25 - 62 moves
  Self-play game 17/25 - 17 moves
  Self-play game 18/25 - 41 moves
  Self-play game 19/25 - 16 moves
  Self-play game 20/25 - 40 moves
  Self-play game 21/25 - 54 moves
  Self-play game 22/25 - 21 moves
  Self-play game 23/25 - 66 moves
  Self-play game 24/25 - 51 moves
  Self-play game 25/25 - 23 moves
  Collected 967 samples (avg game length: 38.7)
  Illegal-argmax rate: 13.44%, mean illegal mass: 0.2239
  Self-play time: 135.3s
  Replay buffer: 8000/8000 samples
Training phase:
    Chunk 1/3 (16 steps) - loss: 1.4609 (policy: 1.3522, value: 0.4349)
    Chunk 2/3 (16 steps) - loss: 1.4021 (policy: 1.3052, value: 0.3877)
    Chunk 3/3 (16 steps) - loss: 1.3367 (policy: 1.2251, value: 0.4462)
    Chunk 4/3 (2 steps) - loss: 1.4459 (policy: 1.3563, value: 0.3584)
  Training time: 0.3s
Gating phase:
  Challenger: 3W-8L-9D (win rate 37.50%, threshold 55%)
  -> Champion retained
  Gating time: 342.6s
Saved checkpoint: results/sgd_gate_run/model_iter_175.pt
  Iteration total: 479.3s

============================================================
Iteration 176/2999
============================================================
Self-play phase:
  Self-play game 1/25 - 38 moves
  Self-play game 2/25 - 17 moves
  Self-play game 3/25 - 17 moves
  Self-play game 4/25 - 26 moves
  Self-play game 5/25 - 90 moves
  Self-play game 6/25 - 32 moves
  Self-play game 7/25 - 84 moves
  Self-play game 8/25 - 58 moves
  Self-play game 9/25 - 31 moves
  Self-play game 10/25 - 13 moves
  Self-play game 11/25 - 32 moves
  Self-play game 12/25 - 43 moves
  Self-play game 13/25 - 66 moves
  Self-play game 14/25 - 10 moves
  Self-play game 15/25 - 17 moves
  Self-play game 16/25 - 33 moves
  Self-play game 17/25 - 32 moves
  Self-play game 18/25 - 50 moves
  Self-play game 19/25 - 79 moves
  Self-play game 20/25 - 25 moves
  Self-play game 21/25 - 53 moves
  Self-play game 22/25 - 21 moves
  Self-play game 23/25 - 50 moves
  Self-play game 24/25 - 37 moves
  Self-play game 25/25 - 24 moves
  Collected 978 samples (avg game length: 39.1)
  Illegal-argmax rate: 15.95%, mean illegal mass: 0.2539
  Self-play time: 147.2s
  Replay buffer: 8000/8000 samples
Training phase:
    Chunk 1/3 (16 steps) - loss: 1.5368 (policy: 1.4239, value: 0.4516)
    Chunk 2/3 (16 steps) - loss: 1.3166 (policy: 1.2108, value: 0.4229)
    Chunk 3/3 (16 steps) - loss: 1.3532 (policy: 1.2403, value: 0.4515)
    Chunk 4/3 (2 steps) - loss: 1.3970 (policy: 1.2787, value: 0.4731)
  Training time: 0.4s
Gating phase:
  Challenger: 14W-1L-5D (win rate 82.50%, threshold 55%)
  -> Challenger PROMOTED to best_model
  Gating time: 299.2s
Saved checkpoint: results/sgd_gate_run/model_iter_176.pt
  Iteration total: 447.8s

============================================================
Iteration 177/2999
============================================================
Self-play phase:
  Self-play game 1/25 - 38 moves
  Self-play game 2/25 - 11 moves
  Self-play game 3/25 - 16 moves
  Self-play game 4/25 - 36 moves
  Self-play game 5/25 - 30 moves
  Self-play game 6/25 - 23 moves
  Self-play game 7/25 - 50 moves
  Self-play game 8/25 - 85 moves
  Self-play game 9/25 - 47 moves
  Self-play game 10/25 - 12 moves
  Self-play game 11/25 - 74 moves
  Self-play game 12/25 - 14 moves
  Self-play game 13/25 - 23 moves
  Self-play game 14/25 - 23 moves
  Self-play game 15/25 - 52 moves
  Self-play game 16/25 - 69 moves
  Self-play game 17/25 - 48 moves
  Self-play game 18/25 - 11 moves
  Self-play game 19/25 - 20 moves
  Self-play game 20/25 - 12 moves
  Self-play game 21/25 - 55 moves
  Self-play game 22/25 - 60 moves
  Self-play game 23/25 - 58 moves
  Self-play game 24/25 - 14 moves
  Self-play game 25/25 - 20 moves
  Collected 901 samples (avg game length: 36.0)
  Illegal-argmax rate: 15.09%, mean illegal mass: 0.2453
  Self-play time: 127.0s
  Replay buffer: 8000/8000 samples
Training phase:
    Chunk 1/3 (16 steps) - loss: 1.4658 (policy: 1.3467, value: 0.4763)
    Chunk 2/3 (16 steps) - loss: 1.3067 (policy: 1.1992, value: 0.4303)
    Chunk 3/3 (16 steps) - loss: 1.4707 (policy: 1.3582, value: 0.4500)
    Chunk 4/3 (2 steps) - loss: 1.3221 (policy: 1.2028, value: 0.4772)
  Training time: 0.3s
Gating phase:
  Challenger: 1W-9L-10D (win rate 30.00%, threshold 55%)
  -> Champion retained
  Gating time: 318.1s
Saved checkpoint: results/sgd_gate_run/model_iter_177.pt
  Iteration total: 446.4s

============================================================
Iteration 178/2999
============================================================
Self-play phase:
  Self-play game 1/25 - 42 moves
  Self-play game 2/25 - 86 moves
  Self-play game 3/25 - 16 moves
  Self-play game 4/25 - 11 moves
  Self-play game 5/25 - 21 moves
  Self-play game 6/25 - 64 moves
  Self-play game 7/25 - 27 moves
  Self-play game 8/25 - 50 moves
  Self-play game 9/25 - 82 moves
  Self-play game 10/25 - 37 moves
  Self-play game 11/25 - 6 moves
  Self-play game 12/25 - 27 moves
  Self-play game 13/25 - 41 moves
  Self-play game 14/25 - 77 moves
  Self-play game 15/25 - 20 moves
  Self-play game 16/25 - 18 moves
  Self-play game 17/25 - 15 moves
  Self-play game 18/25 - 10 moves
  Self-play game 19/25 - 23 moves
  Self-play game 20/25 - 33 moves
  Self-play game 21/25 - 35 moves
  Self-play game 22/25 - 36 moves
  Self-play game 23/25 - 39 moves
  Self-play game 24/25 - 32 moves
  Self-play game 25/25 - 13 moves
  Collected 861 samples (avg game length: 34.4)
  Illegal-argmax rate: 15.45%, mean illegal mass: 0.2458
  Self-play time: 127.7s
  Replay buffer: 8000/8000 samples
Training phase:
    Chunk 1/3 (16 steps) - loss: 1.4033 (policy: 1.2830, value: 0.4811)
    Chunk 2/3 (16 steps) - loss: 1.3736 (policy: 1.2600, value: 0.4542)
    Chunk 3/3 (16 steps) - loss: 1.4167 (policy: 1.3004, value: 0.4651)
    Chunk 4/3 (2 steps) - loss: 1.2936 (policy: 1.1893, value: 0.4172)
  Training time: 0.4s
Gating phase:
  Challenger: 3W-6L-11D (win rate 42.50%, threshold 55%)
  -> Champion retained
  Gating time: 477.9s
Saved checkpoint: results/sgd_gate_run/model_iter_178.pt
  Iteration total: 607.0s

============================================================
Iteration 179/2999
============================================================
Self-play phase:
  Self-play game 1/25 - 38 moves
  Self-play game 2/25 - 25 moves
  Self-play game 3/25 - 13 moves
  Self-play game 4/25 - 50 moves
  Self-play game 5/25 - 85 moves
  Self-play game 6/25 - 66 moves
  Self-play game 7/25 - 28 moves
  Self-play game 8/25 - 52 moves
  Self-play game 9/25 - 50 moves
  Self-play game 10/25 - 16 moves
  Self-play game 11/25 - 13 moves
  Self-play game 12/25 - 26 moves
  Self-play game 13/25 - 23 moves
  Self-play game 14/25 - 80 moves
  Self-play game 15/25 - 16 moves
  Self-play game 16/25 - 77 moves
  Self-play game 17/25 - 44 moves
  Self-play game 18/25 - 12 moves
  Self-play game 19/25 - 36 moves
  Self-play game 20/25 - 59 moves
  Self-play game 21/25 - 90 moves
  Self-play game 22/25 - 48 moves
  Self-play game 23/25 - 30 moves
  Self-play game 24/25 - 50 moves
  Self-play game 25/25 - 31 moves
  Collected 1058 samples (avg game length: 42.3)
  Illegal-argmax rate: 18.90%, mean illegal mass: 0.2621
  Self-play time: 154.7s
  Replay buffer: 8000/8000 samples
Training phase:
    Chunk 1/3 (16 steps) - loss: 1.5485 (policy: 1.4315, value: 0.4679)
    Chunk 2/3 (16 steps) - loss: 1.4590 (policy: 1.3405, value: 0.4741)
    Chunk 3/3 (16 steps) - loss: 1.4014 (policy: 1.2885, value: 0.4513)
    Chunk 4/3 (2 steps) - loss: 1.1901 (policy: 1.0626, value: 0.5101)
  Training time: 0.3s
Gating phase:
  Challenger: 3W-2L-15D (win rate 52.50%, threshold 55%)
  -> Champion retained
  Gating time: 387.1s
Saved checkpoint: results/sgd_gate_run/model_iter_179.pt
  Iteration total: 543.1s

============================================================
Iteration 180/2999
============================================================
Self-play phase:
  Self-play game 1/25 - 56 moves
  Self-play game 2/25 - 70 moves
  Self-play game 3/25 - 49 moves
  Self-play game 4/25 - 39 moves
  Self-play game 5/25 - 61 moves
  Self-play game 6/25 - 65 moves
  Self-play game 7/25 - 27 moves
  Self-play game 8/25 - 36 moves
  Self-play game 9/25 - 96 moves
  Self-play game 10/25 - 50 moves
  Self-play game 11/25 - 34 moves
  Self-play game 12/25 - 68 moves
  Self-play game 13/25 - 11 moves
  Self-play game 14/25 - 38 moves
  Self-play game 15/25 - 18 moves
  Self-play game 16/25 - 24 moves
  Self-play game 17/25 - 34 moves
  Self-play game 18/25 - 56 moves
  Self-play game 19/25 - 54 moves
  Self-play game 20/25 - 67 moves
  Self-play game 21/25 - 18 moves
  Self-play game 22/25 - 81 moves
  Self-play game 23/25 - 70 moves
  Self-play game 24/25 - 28 moves
  Self-play game 25/25 - 26 moves
  Collected 1176 samples (avg game length: 47.0)
  Illegal-argmax rate: 14.54%, mean illegal mass: 0.2290
  Self-play time: 165.7s
  Replay buffer: 8000/8000 samples
Training phase:
    Chunk 1/3 (16 steps) - loss: 1.5047 (policy: 1.3852, value: 0.4778)
    Chunk 2/3 (16 steps) - loss: 1.3360 (policy: 1.2203, value: 0.4630)
    Chunk 3/3 (16 steps) - loss: 1.4742 (policy: 1.3522, value: 0.4881)
    Chunk 4/3 (2 steps) - loss: 1.6983 (policy: 1.5740, value: 0.4971)
  Training time: 0.3s
Gating phase:
  Challenger: 7W-6L-7D (win rate 52.50%, threshold 55%)
  -> Champion retained
  Gating time: 437.7s
Saved checkpoint: results/sgd_gate_run/model_iter_180.pt
  Iteration total: 604.7s

============================================================
Iteration 181/2999
============================================================
Self-play phase:
  Self-play game 1/25 - 16 moves
  Self-play game 2/25 - 60 moves
  Self-play game 3/25 - 47 moves
  Self-play game 4/25 - 70 moves
  Self-play game 5/25 - 19 moves
  Self-play game 6/25 - 80 moves
  Self-play game 7/25 - 39 moves
  Self-play game 8/25 - 16 moves
  Self-play game 9/25 - 57 moves
  Self-play game 10/25 - 58 moves
  Self-play game 11/25 - 89 moves
  Self-play game 12/25 - 25 moves
  Self-play game 13/25 - 108 moves
  Self-play game 14/25 - 46 moves
  Self-play game 15/25 - 47 moves
  Self-play game 16/25 - 48 moves
  Self-play game 17/25 - 75 moves
  Self-play game 18/25 - 66 moves
  Self-play game 19/25 - 10 moves
  Self-play game 20/25 - 83 moves
  Self-play game 21/25 - 32 moves
  Self-play game 22/25 - 40 moves
  Self-play game 23/25 - 54 moves
  Self-play game 24/25 - 42 moves
  Self-play game 25/25 - 33 moves
  Collected 1260 samples (avg game length: 50.4)
  Illegal-argmax rate: 15.00%, mean illegal mass: 0.2483
  Self-play time: 169.7s
  Replay buffer: 8000/8000 samples
Training phase:
    Chunk 1/3 (16 steps) - loss: 1.5358 (policy: 1.4118, value: 0.4960)
    Chunk 2/3 (16 steps) - loss: 1.5193 (policy: 1.3968, value: 0.4899)
    Chunk 3/3 (16 steps) - loss: 1.5502 (policy: 1.4214, value: 0.5149)
    Chunk 4/3 (2 steps) - loss: 1.3677 (policy: 1.2198, value: 0.5919)
  Training time: 0.4s
Gating phase:
  Challenger: 5W-3L-12D (win rate 55.00%, threshold 55%)
  -> Challenger PROMOTED to best_model
  Gating time: 355.8s
Saved checkpoint: results/sgd_gate_run/model_iter_181.pt
  Iteration total: 526.8s

============================================================
Iteration 182/2999
============================================================
Self-play phase:
  Self-play game 1/25 - 77 moves
  Self-play game 2/25 - 70 moves
  Self-play game 3/25 - 40 moves
  Self-play game 4/25 - 60 moves
  Self-play game 5/25 - 23 moves
  Self-play game 6/25 - 45 moves
  Self-play game 7/25 - 57 moves
  Self-play game 8/25 - 56 moves
  Self-play game 9/25 - 41 moves
  Self-play game 10/25 - 58 moves
  Self-play game 11/25 - 38 moves
  Self-play game 12/25 - 36 moves
  Self-play game 13/25 - 8 moves
  Self-play game 14/25 - 54 moves
  Self-play game 15/25 - 99 moves
  Self-play game 16/25 - 42 moves
  Self-play game 17/25 - 21 moves
  Self-play game 18/25 - 25 moves
  Self-play game 19/25 - 44 moves
  Self-play game 20/25 - 31 moves
  Self-play game 21/25 - 19 moves
  Self-play game 22/25 - 95 moves
  Self-play game 23/25 - 72 moves
  Self-play game 24/25 - 18 moves
  Self-play game 25/25 - 51 moves
  Collected 1180 samples (avg game length: 47.2)
  Illegal-argmax rate: 16.95%, mean illegal mass: 0.2616
  Self-play time: 168.0s
  Replay buffer: 8000/8000 samples
Training phase:
    Chunk 1/3 (16 steps) - loss: 1.4647 (policy: 1.3449, value: 0.4792)
    Chunk 2/3 (16 steps) - loss: 1.4770 (policy: 1.3502, value: 0.5069)
    Chunk 3/3 (16 steps) - loss: 1.5811 (policy: 1.4490, value: 0.5281)
    Chunk 4/3 (2 steps) - loss: 1.1745 (policy: 1.0566, value: 0.4715)
  Training time: 0.4s
Gating phase:
  Challenger: 4W-1L-15D (win rate 57.50%, threshold 55%)
  -> Challenger PROMOTED to best_model
  Gating time: 385.3s
Saved checkpoint: results/sgd_gate_run/model_iter_182.pt
  Iteration total: 554.8s

============================================================
Iteration 183/2999
============================================================
Self-play phase:
  Self-play game 1/25 - 33 moves
  Self-play game 2/25 - 64 moves
  Self-play game 3/25 - 20 moves
  Self-play game 4/25 - 14 moves
  Self-play game 5/25 - 37 moves
  Self-play game 6/25 - 53 moves
  Self-play game 7/25 - 38 moves
  Self-play game 8/25 - 57 moves
  Self-play game 9/25 - 49 moves
  Self-play game 10/25 - 15 moves
  Self-play game 11/25 - 72 moves
  Self-play game 12/25 - 14 moves
  Self-play game 13/25 - 68 moves
  Self-play game 14/25 - 33 moves
  Self-play game 15/25 - 21 moves
  Self-play game 16/25 - 34 moves
  Self-play game 17/25 - 56 moves
  Self-play game 18/25 - 10 moves
  Self-play game 19/25 - 16 moves
  Self-play game 20/25 - 47 moves
  Self-play game 21/25 - 83 moves
  Self-play game 22/25 - 42 moves
  Self-play game 23/25 - 29 moves
  Self-play game 24/25 - 22 moves
  Self-play game 25/25 - 19 moves
  Collected 946 samples (avg game length: 37.8)
  Illegal-argmax rate: 16.91%, mean illegal mass: 0.2575
  Self-play time: 141.3s
  Replay buffer: 8000/8000 samples
Training phase:
    Chunk 1/3 (16 steps) - loss: 1.5895 (policy: 1.4467, value: 0.5711)
    Chunk 2/3 (16 steps) - loss: 1.5900 (policy: 1.4589, value: 0.5245)
    Chunk 3/3 (16 steps) - loss: 1.6273 (policy: 1.4962, value: 0.5244)
    Chunk 4/3 (2 steps) - loss: 1.7103 (policy: 1.5532, value: 0.6284)
  Training time: 0.4s
Gating phase:
  Challenger: 3W-4L-13D (win rate 47.50%, threshold 55%)
  -> Champion retained
  Gating time: 369.6s
Saved checkpoint: results/sgd_gate_run/model_iter_183.pt
  Iteration total: 512.4s

============================================================
Iteration 184/2999
============================================================
Self-play phase:
  Self-play game 1/25 - 67 moves
  Self-play game 2/25 - 49 moves
  Self-play game 3/25 - 12 moves
  Self-play game 4/25 - 50 moves
  Self-play game 5/25 - 109 moves
  Self-play game 6/25 - 12 moves
  Self-play game 7/25 - 34 moves
  Self-play game 8/25 - 13 moves
  Self-play game 9/25 - 25 moves
  Self-play game 10/25 - 90 moves
  Self-play game 11/25 - 89 moves
  Self-play game 12/25 - 121 moves
  Self-play game 13/25 - 50 moves
  Self-play game 14/25 - 70 moves
  Self-play game 15/25 - 46 moves
  Self-play game 16/25 - 32 moves
  Self-play game 17/25 - 51 moves
  Self-play game 18/25 - 12 moves
  Self-play game 19/25 - 12 moves
  Self-play game 20/25 - 35 moves
  Self-play game 21/25 - 36 moves
  Self-play game 22/25 - 22 moves
  Self-play game 23/25 - 14 moves
  Self-play game 24/25 - 20 moves
  Self-play game 25/25 - 53 moves
  Collected 1124 samples (avg game length: 45.0)
  Illegal-argmax rate: 16.55%, mean illegal mass: 0.2484
  Self-play time: 151.2s
  Replay buffer: 8000/8000 samples
Training phase:
    Chunk 1/3 (16 steps) - loss: 1.5966 (policy: 1.4695, value: 0.5083)
    Chunk 2/3 (16 steps) - loss: 1.6342 (policy: 1.5043, value: 0.5196)
    Chunk 3/3 (16 steps) - loss: 1.6742 (policy: 1.5428, value: 0.5255)
    Chunk 4/3 (2 steps) - loss: 1.7079 (policy: 1.5865, value: 0.4855)
  Training time: 0.3s
Gating phase:
  Challenger: 6W-3L-11D (win rate 57.50%, threshold 55%)
  -> Challenger PROMOTED to best_model
  Gating time: 527.4s
Saved checkpoint: results/sgd_gate_run/model_iter_184.pt
  Iteration total: 680.0s

============================================================
Iteration 185/2999
============================================================
Self-play phase:
  Self-play game 1/25 - 18 moves
  Self-play game 2/25 - 11 moves
  Self-play game 3/25 - 28 moves
  Self-play game 4/25 - 84 moves
  Self-play game 5/25 - 28 moves
  Self-play game 6/25 - 75 moves
  Self-play game 7/25 - 22 moves
  Self-play game 8/25 - 39 moves
  Self-play game 9/25 - 51 moves
  Self-play game 10/25 - 48 moves
  Self-play game 11/25 - 44 moves
  Self-play game 12/25 - 66 moves
  Self-play game 13/25 - 40 moves
  Self-play game 14/25 - 30 moves
  Self-play game 15/25 - 21 moves
  Self-play game 16/25 - 42 moves
  Self-play game 17/25 - 115 moves
  Self-play game 18/25 - 51 moves
  Self-play game 19/25 - 18 moves
  Self-play game 20/25 - 53 moves
  Self-play game 21/25 - 63 moves
  Self-play game 22/25 - 47 moves
  Self-play game 23/25 - 17 moves
  Self-play game 24/25 - 26 moves
  Self-play game 25/25 - 31 moves
  Collected 1068 samples (avg game length: 42.7)
  Illegal-argmax rate: 17.13%, mean illegal mass: 0.2755
  Self-play time: 152.1s
  Replay buffer: 8000/8000 samples
Training phase:
    Chunk 1/3 (16 steps) - loss: 1.4345 (policy: 1.3087, value: 0.5033)
    Chunk 2/3 (16 steps) - loss: 1.4718 (policy: 1.3480, value: 0.4952)
    Chunk 3/3 (16 steps) - loss: 1.5726 (policy: 1.4493, value: 0.4934)
    Chunk 4/3 (2 steps) - loss: 1.8515 (policy: 1.7364, value: 0.4604)
  Training time: 0.3s
Gating phase:
  Challenger: 0W-8L-12D (win rate 30.00%, threshold 55%)
  -> Champion retained
  Gating time: 356.5s
Saved checkpoint: results/sgd_gate_run/model_iter_185.pt
  Iteration total: 510.0s

============================================================
Iteration 186/2999
============================================================
Self-play phase:
  Self-play game 1/25 - 20 moves
  Self-play game 2/25 - 10 moves
  Self-play game 3/25 - 72 moves
  Self-play game 4/25 - 19 moves
  Self-play game 5/25 - 31 moves
  Self-play game 6/25 - 22 moves
  Self-play game 7/25 - 58 moves
  Self-play game 8/25 - 67 moves
  Self-play game 9/25 - 83 moves
  Self-play game 10/25 - 49 moves
  Self-play game 11/25 - 29 moves
  Self-play game 12/25 - 17 moves
  Self-play game 13/25 - 17 moves
  Self-play game 14/25 - 42 moves
  Self-play game 15/25 - 82 moves
  Self-play game 16/25 - 17 moves
  Self-play game 17/25 - 67 moves
  Self-play game 18/25 - 27 moves
  Self-play game 19/25 - 24 moves
  Self-play game 20/25 - 27 moves
  Self-play game 21/25 - 17 moves
  Self-play game 22/25 - 12 moves
  Self-play game 23/25 - 44 moves
  Self-play game 24/25 - 30 moves
  Self-play game 25/25 - 39 moves
  Collected 922 samples (avg game length: 36.9)
  Illegal-argmax rate: 17.57%, mean illegal mass: 0.2738
  Self-play time: 126.7s
  Replay buffer: 8000/8000 samples
Training phase:
    Chunk 1/3 (16 steps) - loss: 1.4924 (policy: 1.3636, value: 0.5154)
    Chunk 2/3 (16 steps) - loss: 1.3697 (policy: 1.2316, value: 0.5523)
    Chunk 3/3 (16 steps) - loss: 1.3603 (policy: 1.2329, value: 0.5098)
    Chunk 4/3 (2 steps) - loss: 1.3497 (policy: 1.2179, value: 0.5273)
  Training time: 0.3s
Gating phase:
  Challenger: 3W-2L-15D (win rate 52.50%, threshold 55%)
  -> Champion retained
  Gating time: 374.1s
Saved checkpoint: results/sgd_gate_run/model_iter_186.pt
  Iteration total: 502.2s

============================================================
Iteration 187/2999
============================================================
Self-play phase:
  Self-play game 1/25 - 81 moves
  Self-play game 2/25 - 44 moves
  Self-play game 3/25 - 55 moves
  Self-play game 4/25 - 18 moves
  Self-play game 5/25 - 24 moves
  Self-play game 6/25 - 19 moves
  Self-play game 7/25 - 93 moves
  Self-play game 8/25 - 40 moves
  Self-play game 9/25 - 57 moves
  Self-play game 10/25 - 27 moves
  Self-play game 11/25 - 17 moves
  Self-play game 12/25 - 64 moves
  Self-play game 13/25 - 73 moves
  Self-play game 14/25 - 29 moves
  Self-play game 15/25 - 102 moves
  Self-play game 16/25 - 12 moves
  Self-play game 17/25 - 49 moves
  Self-play game 18/25 - 11 moves
  Self-play game 19/25 - 8 moves
  Self-play game 20/25 - 47 moves
  Self-play game 21/25 - 27 moves
  Self-play game 22/25 - 40 moves
  Self-play game 23/25 - 53 moves
  Self-play game 24/25 - 23 moves
  Self-play game 25/25 - 61 moves
  Collected 1074 samples (avg game length: 43.0)
  Illegal-argmax rate: 18.72%, mean illegal mass: 0.2929
  Self-play time: 165.3s
  Replay buffer: 8000/8000 samples
Training phase:
    Chunk 1/3 (16 steps) - loss: 1.6365 (policy: 1.5110, value: 0.5022)
    Chunk 2/3 (16 steps) - loss: 1.5769 (policy: 1.4533, value: 0.4944)
    Chunk 3/3 (16 steps) - loss: 1.5008 (policy: 1.3763, value: 0.4980)
    Chunk 4/3 (2 steps) - loss: 1.6604 (policy: 1.5190, value: 0.5655)
  Training time: 0.4s
Gating phase:
  Challenger: 3W-2L-15D (win rate 52.50%, threshold 55%)
  -> Champion retained
  Gating time: 419.6s
Saved checkpoint: results/sgd_gate_run/model_iter_187.pt
  Iteration total: 586.3s

============================================================
Iteration 188/2999
============================================================
Self-play phase:
  Self-play game 1/25 - 55 moves
  Self-play game 2/25 - 30 moves
  Self-play game 3/25 - 56 moves
  Self-play game 4/25 - 20 moves
  Self-play game 5/25 - 72 moves
  Self-play game 6/25 - 64 moves
  Self-play game 7/25 - 44 moves
  Self-play game 8/25 - 82 moves
  Self-play game 9/25 - 81 moves
  Self-play game 10/25 - 35 moves
  Self-play game 11/25 - 55 moves
  Self-play game 12/25 - 31 moves
  Self-play game 13/25 - 59 moves
  Self-play game 14/25 - 41 moves
  Self-play game 15/25 - 33 moves
  Self-play game 16/25 - 47 moves
  Self-play game 17/25 - 35 moves
  Self-play game 18/25 - 45 moves
  Self-play game 19/25 - 30 moves
  Self-play game 20/25 - 85 moves
  Self-play game 21/25 - 46 moves
  Self-play game 22/25 - 21 moves
  Self-play game 23/25 - 31 moves
  Self-play game 24/25 - 32 moves
  Self-play game 25/25 - 32 moves
  Collected 1162 samples (avg game length: 46.5)
  Illegal-argmax rate: 15.23%, mean illegal mass: 0.2540
  Self-play time: 158.3s
  Replay buffer: 8000/8000 samples
Training phase:
    Chunk 1/3 (16 steps) - loss: 1.3993 (policy: 1.2781, value: 0.4849)
    Chunk 2/3 (16 steps) - loss: 1.4015 (policy: 1.2756, value: 0.5037)
    Chunk 3/3 (16 steps) - loss: 1.3242 (policy: 1.1881, value: 0.5446)
    Chunk 4/3 (2 steps) - loss: 1.3915 (policy: 1.2817, value: 0.4393)
  Training time: 0.4s
Gating phase:
  Challenger: 4W-7L-9D (win rate 42.50%, threshold 55%)
  -> Champion retained
  Gating time: 421.9s
Saved checkpoint: results/sgd_gate_run/model_iter_188.pt
  Iteration total: 581.6s

============================================================
Iteration 189/2999
============================================================
Self-play phase:
  Self-play game 1/25 - 11 moves
  Self-play game 2/25 - 19 moves
  Self-play game 3/25 - 24 moves
  Self-play game 4/25 - 12 moves
  Self-play game 5/25 - 60 moves
  Self-play game 6/25 - 27 moves
  Self-play game 7/25 - 29 moves
  Self-play game 8/25 - 61 moves
  Self-play game 9/25 - 49 moves
  Self-play game 10/25 - 71 moves
  Self-play game 11/25 - 18 moves
  Self-play game 12/25 - 94 moves
  Self-play game 13/25 - 24 moves
  Self-play game 14/25 - 27 moves
  Self-play game 15/25 - 20 moves
  Self-play game 16/25 - 57 moves
  Self-play game 17/25 - 96 moves
  Self-play game 18/25 - 62 moves
  Self-play game 19/25 - 59 moves
  Self-play game 20/25 - 23 moves
  Self-play game 21/25 - 100 moves
  Self-play game 22/25 - 35 moves
  Self-play game 23/25 - 45 moves
  Self-play game 24/25 - 27 moves
  Self-play game 25/25 - 56 moves
  Collected 1106 samples (avg game length: 44.2)
  Illegal-argmax rate: 18.54%, mean illegal mass: 0.2843
  Self-play time: 152.3s
  Replay buffer: 8000/8000 samples
Training phase:
    Chunk 1/3 (16 steps) - loss: 1.3891 (policy: 1.2589, value: 0.5208)
    Chunk 2/3 (16 steps) - loss: 1.3483 (policy: 1.2216, value: 0.5068)
    Chunk 3/3 (16 steps) - loss: 1.4766 (policy: 1.3463, value: 0.5211)
    Chunk 4/3 (2 steps) - loss: 1.3166 (policy: 1.2021, value: 0.4577)
  Training time: 0.3s
Gating phase:
  Challenger: 3W-7L-10D (win rate 40.00%, threshold 55%)
  -> Champion retained
  Gating time: 407.8s
Saved checkpoint: results/sgd_gate_run/model_iter_189.pt
  Iteration total: 561.4s

============================================================
Iteration 190/2999
============================================================
Self-play phase:
  Self-play game 1/25 - 103 moves
  Self-play game 2/25 - 8 moves
  Self-play game 3/25 - 126 moves
  Self-play game 4/25 - 10 moves
  Self-play game 5/25 - 19 moves
  Self-play game 6/25 - 50 moves
  Self-play game 7/25 - 23 moves
  Self-play game 8/25 - 73 moves
  Self-play game 9/25 - 80 moves
  Self-play game 10/25 - 14 moves
  Self-play game 11/25 - 12 moves
  Self-play game 12/25 - 14 moves
  Self-play game 13/25 - 43 moves
  Self-play game 14/25 - 51 moves
  Self-play game 15/25 - 23 moves
  Self-play game 16/25 - 94 moves
  Self-play game 17/25 - 43 moves
  Self-play game 18/25 - 73 moves
  Self-play game 19/25 - 58 moves
  Self-play game 20/25 - 12 moves
  Self-play game 21/25 - 24 moves
  Self-play game 22/25 - 55 moves
  Self-play game 23/25 - 33 moves
  Self-play game 24/25 - 14 moves
  Self-play game 25/25 - 35 moves
  Collected 1090 samples (avg game length: 43.6)
  Illegal-argmax rate: 16.06%, mean illegal mass: 0.2699
  Self-play time: 151.4s
  Replay buffer: 8000/8000 samples
Training phase:
    Chunk 1/3 (16 steps) - loss: 1.4929 (policy: 1.3662, value: 0.5068)
    Chunk 2/3 (16 steps) - loss: 1.3689 (policy: 1.2455, value: 0.4936)
    Chunk 3/3 (16 steps) - loss: 1.4124 (policy: 1.2885, value: 0.4957)
    Chunk 4/3 (2 steps) - loss: 1.3397 (policy: 1.2251, value: 0.4585)
  Training time: 0.3s
Gating phase:
  Challenger: 1W-5L-14D (win rate 40.00%, threshold 55%)
  -> Champion retained
  Gating time: 306.1s
Saved checkpoint: results/sgd_gate_run/model_iter_190.pt
  Iteration total: 458.7s

============================================================
Iteration 191/2999
============================================================
Self-play phase:
  Self-play game 1/25 - 65 moves
  Self-play game 2/25 - 18 moves
  Self-play game 3/25 - 115 moves
  Self-play game 4/25 - 46 moves
  Self-play game 5/25 - 34 moves
  Self-play game 6/25 - 20 moves
  Self-play game 7/25 - 19 moves
  Self-play game 8/25 - 18 moves
  Self-play game 9/25 - 74 moves
  Self-play game 10/25 - 43 moves
  Self-play game 11/25 - 34 moves
  Self-play game 12/25 - 51 moves
  Self-play game 13/25 - 20 moves
  Self-play game 14/25 - 77 moves
  Self-play game 15/25 - 39 moves
  Self-play game 16/25 - 99 moves
  Self-play game 17/25 - 32 moves
  Self-play game 18/25 - 84 moves
  Self-play game 19/25 - 16 moves
  Self-play game 20/25 - 48 moves
  Self-play game 21/25 - 35 moves
  Self-play game 22/25 - 26 moves
  Self-play game 23/25 - 29 moves
  Self-play game 24/25 - 89 moves
  Self-play game 25/25 - 65 moves
  Collected 1196 samples (avg game length: 47.8)
  Illegal-argmax rate: 18.65%, mean illegal mass: 0.2783
  Self-play time: 176.0s
  Replay buffer: 8000/8000 samples
Training phase:
    Chunk 1/3 (16 steps) - loss: 1.4373 (policy: 1.3133, value: 0.4960)
    Chunk 2/3 (16 steps) - loss: 1.5499 (policy: 1.4212, value: 0.5147)
    Chunk 3/3 (16 steps) - loss: 1.5494 (policy: 1.4273, value: 0.4883)
    Chunk 4/3 (2 steps) - loss: 1.0735 (policy: 0.9535, value: 0.4801)
  Training time: 0.3s
Gating phase:
  Challenger: 8W-3L-9D (win rate 62.50%, threshold 55%)
  -> Challenger PROMOTED to best_model
  Gating time: 385.9s
Saved checkpoint: results/sgd_gate_run/model_iter_191.pt
  Iteration total: 563.2s

============================================================
Iteration 192/2999
============================================================
Self-play phase:
  Self-play game 1/25 - 67 moves
  Self-play game 2/25 - 41 moves
  Self-play game 3/25 - 23 moves
  Self-play game 4/25 - 71 moves
  Self-play game 5/25 - 83 moves
  Self-play game 6/25 - 12 moves
  Self-play game 7/25 - 75 moves
  Self-play game 8/25 - 25 moves
  Self-play game 9/25 - 14 moves
  Self-play game 10/25 - 95 moves
  Self-play game 11/25 - 51 moves
  Self-play game 12/25 - 43 moves
  Self-play game 13/25 - 19 moves
  Self-play game 14/25 - 35 moves
  Self-play game 15/25 - 54 moves
  Self-play game 16/25 - 29 moves
  Self-play game 17/25 - 17 moves
  Self-play game 18/25 - 10 moves
  Self-play game 19/25 - 36 moves
  Self-play game 20/25 - 95 moves
  Self-play game 21/25 - 18 moves
  Self-play game 22/25 - 64 moves
  Self-play game 23/25 - 38 moves
  Self-play game 24/25 - 29 moves
  Self-play game 25/25 - 12 moves
  Collected 1056 samples (avg game length: 42.2)
  Illegal-argmax rate: 15.72%, mean illegal mass: 0.2483
  Self-play time: 147.0s
  Replay buffer: 8000/8000 samples
Training phase:
    Chunk 1/3 (16 steps) - loss: 1.3943 (policy: 1.2707, value: 0.4943)
    Chunk 2/3 (16 steps) - loss: 1.4554 (policy: 1.3376, value: 0.4710)
    Chunk 3/3 (16 steps) - loss: 1.4733 (policy: 1.3554, value: 0.4716)
    Chunk 4/3 (2 steps) - loss: 2.0922 (policy: 1.9502, value: 0.5680)
  Training time: 0.4s
Gating phase:
  Challenger: 8W-10L-2D (win rate 45.00%, threshold 55%)
  -> Champion retained
  Gating time: 253.1s
Saved checkpoint: results/sgd_gate_run/model_iter_192.pt
  Iteration total: 401.5s

============================================================
Iteration 193/2999
============================================================
Self-play phase:
  Self-play game 1/25 - 25 moves
  Self-play game 2/25 - 51 moves
  Self-play game 3/25 - 42 moves
  Self-play game 4/25 - 29 moves
  Self-play game 5/25 - 46 moves
  Self-play game 6/25 - 13 moves
  Self-play game 7/25 - 32 moves
  Self-play game 8/25 - 42 moves
  Self-play game 9/25 - 17 moves
  Self-play game 10/25 - 82 moves
  Self-play game 11/25 - 44 moves
  Self-play game 12/25 - 33 moves
  Self-play game 13/25 - 27 moves
  Self-play game 14/25 - 10 moves
  Self-play game 15/25 - 79 moves
  Self-play game 16/25 - 50 moves
  Self-play game 17/25 - 52 moves
  Self-play game 18/25 - 12 moves
  Self-play game 19/25 - 46 moves
  Self-play game 20/25 - 12 moves
  Self-play game 21/25 - 23 moves
  Self-play game 22/25 - 72 moves
  Self-play game 23/25 - 37 moves
  Self-play game 24/25 - 27 moves
  Self-play game 25/25